ID,Customer Name,Sales Person (Sales Team),Coordinators,Customer Group,Zone,Total_Target,Total_Achievement,N_brands_active,Overall_Achievement_pct,is_zero_achiever
ETLCUST-03704,TUBA TRADE INTERNATIONAL - MOTIJHEEL,Zakir Hossain,Mr. Md. Kamrul Hasan ,CG - MOTIJHEEL,Motijheel,3760000.0,1687100.0,3,0.4486968085106383,False
ETLCUST-04451,AYAAN INFO TECH - BAITUL MUKARRAM,Md. Sahedul Islam,Mr. Md. Kamrul Hasan ,CG - MOTIJHEEL,Motijheel,25000000.0,12958400.0,5,0.518336,False
ETLCUST-00139,IT VISTA - UTTARA,Dulal Sarker,Mr. Ajit Kumar Dey ,CG - UTTARA,Uttara,5056872.0,1350100.0,17,0.266983225994251,False
ETLCUST-04079,TAQWA TECHNOLOGY - UTTARA,Dulal Sarker,Mr. Ajit Kumar Dey ,CG - UTTARA,Uttara,0.0,255580.0,3,,False
ETLCUST-03804,HIMU COMPUTER - JURAIN,Noor Hossain,Mr. Md. Kamrul Hasan ,CG - GULISTAN,Gulistan,9400000.0,5967065.0,6,0.6347941489361703,False
ETLCUST-04769,GREEN BANGLA TECH - UTTARA,Dulal Sarker,Mr. Ajit Kumar Dey ,CG - UTTARA,Uttara,4359830.0,4333750.0,5,0.9940181153852329,False
ETLCUST-00138,A TO Z COMPUTER - UTTARA,Dulal Sarker,Mr. Ajit Kumar Dey ,CG - UTTARA,Uttara,16242320.0,4444575.0,13,0.2736416349388511,False
ETLCUST-00135,MARUF COMPUTER AND TELECOM - UTTARA,Dulal Sarker,Mr. Ajit Kumar Dey ,CG - UTTARA,Uttara,19045398.0,9483010.0,16,0.4979160845050337,False
ETLCUST-00136,EASY TECH - UTTARA,Dulal Sarker,Mr. Ajit Kumar Dey ,CG - UTTARA,Uttara,4752966.0,1830335.0,12,0.38509322389430095,False
ETLCUST-00151,S B COMPUTER ZONE - UTTARA,Dulal Sarker,Mr. Ajit Kumar Dey ,CG - UTTARA,Uttara,1143000.0,122200.0,7,0.10691163604549431,False
ETLCUST-00367,TALUKDER COMPUTERS AND SOLUTIONS LTD - BANANI,Jiku Saha,Mr. Ajit Kumar Dey ,CG - UTTARA,Uttara,97832000.0,44319160.0,18,0.45301292010794014,False
ETLCUST-03073,SMART COMPUTER - JATRABARI,Md Kamrul Hasan Sabuz,Mr. Md. Kamrul Hasan ,CG - GULISTAN,Gulistan,6780000.0,3234060.0,18,0.477,False
ETLCUST-00117,BADHAN VERITIES STORE - UTTARA,Dulal Sarker,Mr. Ajit Kumar Dey ,CG - UTTARA,Uttara,265000.0,151230.0,4,0.5706792452830188,False
ETLCUST-00374,LYRIC COMPUTER - GULSHAN,Jiku Saha,Mr. Ajit Kumar Dey ,CG - UTTARA,Uttara,6390000.0,2633435.0,7,0.41211815336463226,False
ETLCUST-00373,BROTHERS ENTERPRISE - GULSHAN,Jiku Saha,Mr. Ajit Kumar Dey ,CG - UTTARA,Uttara,17031000.0,8244765.0,16,0.48410339968293115,False
ETLCUST-03724,INFINITY SOLUTION - MOTIJHEEL,Md. Sahedul Islam,Mr. Md. Kamrul Hasan ,CG - MOTIJHEEL,Motijheel,127250000.0,73670390.0,8,0.5789421611001965,False
ETLCUST-01888,AMIN DIGITAL TECHNOLOGY - BAITUL MUKARRAM,Zakir Hossain,Mr. Md. Kamrul Hasan ,CG - MOTIJHEEL,Motijheel,20000.0,1476050.0,5,73.8025,False
ETLCUST-01891,SHARMIN ELECTRONICS - STADIUM MARKET,Zakir Hossain,Mr. Md. Kamrul Hasan ,CG - MOTIJHEEL,Motijheel,16800000.0,13390850.0,5,0.7970744047619047,False
ETLCUST-05040,FAITH SOLUTION - KHILGAON,Zakir Hossain,Mr. Md. Kamrul Hasan ,CG - MOTIJHEEL,Motijheel,5144800.0,3068445.0,4,0.5964167703312082,False
ETLCUST-01247,SARKER INTERNATIONAL - B.MUKARRAM,Md. Sahedul Islam,Mr. Md. Kamrul Hasan ,CG - MOTIJHEEL,Motijheel,23000000.0,6573085.0,9,0.2857863043478261,False
ETLCUST-00370,PRIYOZON MULTIMEDIA - BADDA,Jiku Saha,Mr. Ajit Kumar Dey ,CG - UTTARA,Uttara,6230000.0,2974425.0,5,0.4774357945425361,False
ETLCUST-04063,STAR TECH LTD. - UTTARA,Dulal Sarker,Mr. Ajit Kumar Dey ,CG - UTTARA,Uttara,3416000.0,782275.0,13,0.22900322014051522,False
ETLCUST-01216,N.S. COMPUTER AND ENGINEERING - MOTIJHEEL,Zakir Hossain,Mr. Md. Kamrul Hasan ,CG - MOTIJHEEL,Motijheel,2900000.0,1126290.0,7,0.3883758620689655,False
ETLCUST-00365,FOTO CART - BANANI,Jiku Saha,Mr. Ajit Kumar Dey ,CG - UTTARA,Uttara,2262000.0,1870365.0,10,0.8268633952254641,False
ETLCUST-02896,MISSION COMPUTER AND TECHNOLOGY - GULSHAN,Jiku Saha,Mr. Ajit Kumar Dey ,CG - UTTARA,Uttara,1035000.0,582750.0,8,0.5630434782608695,False
ETLCUST-00475,SUPREME ELECTRONIC - GULISTAN,Md Kamrul Hasan Sabuz,Mr. Md. Kamrul Hasan ,CG - GULISTAN,Gulistan,2700000.0,566000.0,1,0.20962962962962964,False
ETLCUST-03939,SEBA TECHNOLOGIES -GAZIPUR ,MD. Shipon Ali,Mr. Ajit Kumar Dey ,CG - UTTARA,Uttara,10646500.0,8716785.0,15,0.8187465364204198,False
ETLCUST-04023,COMPUTER CITY - GAZIPUR,Md. Rahad,Mr. Ajit Kumar Dey ,CG - UTTARA,Uttara,1300000.0,2015260.0,9,1.5502,False
ETLCUST-01421,GAZIPUR ENTERPRISE - GAZIPUR,Md. Rahad,Mr. Ajit Kumar Dey ,CG - UTTARA,Uttara,15850000.0,1271145.0,5,0.08019842271293376,False
ETLCUST-01903,AKRAM ENTERPRISE - GULISTAN,Zakir Hossain,Mr. Md. Kamrul Hasan ,CG - MOTIJHEEL,Motijheel,12420000.0,12217260.0,7,0.9836763285024155,False
ETLCUST-03107,DADA ENTERPRISE PRADHAN - GULISTAN,Shamim Hossain,Mr. Md. Kamrul Hasan ,CG - GULISTAN,Gulistan,23200000.0,11748720.0,4,0.5064103448275862,False
ETLCUST-03703,LAMIYA ELECTRONICS - GULISTAN,Shamim Hossain,Mr. Md. Kamrul Hasan ,CG - GULISTAN,Gulistan,1500000.0,518500.0,1,0.3456666666666667,False
ETLCUST-01886,U.H COMPUTERS - MOTIJHEEL,Zakir Hossain,Mr. Md. Kamrul Hasan ,CG - MOTIJHEEL,Motijheel,66798348.0,31584855.0,21,0.4728388642186181,False
ETLCUST-00463,NI-TEX MARKETING CENTER - GULISTAN,Md Kamrul Hasan Sabuz,Mr. Md. Kamrul Hasan ,CG - GULISTAN,Gulistan,0.0,0.0,0,,False
ETLCUST-03461,M S TECHNOLOGY -UTTARA ,Dulal Sarker,Mr. Ajit Kumar Dey ,CG - UTTARA,Uttara,1400000.0,918500.0,4,0.6560714285714285,False
ETLCUST-00355,ISLAM ENTERPRISE - GULSHAN,Jiku Saha,Mr. Ajit Kumar Dey ,CG - UTTARA,Uttara,4556240.0,2303640.0,8,0.5056011096869348,False
ETLCUST-03993,TAQWA ENTERPRICE - GULSHAN,Jiku Saha,Mr. Ajit Kumar Dey ,CG - UTTARA,Uttara,4000000.0,2066775.0,1,0.51669375,False
ETLCUST-04308,RYANS COMPUTER'S - UTTARA,Dulal Sarker,Mr. Ajit Kumar Dey ,CG - UTTARA,Uttara,10449126.0,3773390.0,14,0.3611201549297042,False
ETLCUST-00932,O.M TELECOM - GULISHTAN,Shamim Hossain,Mr. Md. Kamrul Hasan ,CG - GULISTAN,Gulistan,11780000.0,1584100.0,4,0.13447368421052633,False
ETLCUST-00940,MAKKA COMPUTER - GULISTAN,Shamim Hossain,Mr. Md. Kamrul Hasan ,CG - GULISTAN,Gulistan,60050000.0,32695925.0,7,0.5444783513738551,False
ETLCUST-01246,DILRAJ COMPUTER - MOTIJHEEL,Md. Akram Rashid,Mr. Md. Kamrul Hasan ,CG - MOTIJHEEL,Motijheel,437660000.0,250105225.0,12,0.5714600945939771,False
ETLCUST-01574,DADA BHAI ELECTRONICS - NAWABPUR,Shamim Hossain,Mr. Md. Kamrul Hasan ,CG - GULISTAN,Gulistan,1000000.0,76400.0,1,0.0764,False
ETLCUST-04271,IFRAH TECHNOLOGY - STADIUM,Md. Sahedul Islam,Mr. Md. Kamrul Hasan ,CG - MOTIJHEEL,Motijheel,39500000.0,24393700.0,6,0.6175620253164557,False
ETLCUST-04860,JM INTERNATIONAL - BAITUL MUKARRAM,Zakir Hossain,Mr. Md. Kamrul Hasan ,CG - MOTIJHEEL,Motijheel,0.0,0.0,0,,False
ETLCUST-00371,SHAON ELECTRONICS - KHILKHET,Jiku Saha,Mr. Ajit Kumar Dey ,CG - UTTARA,Uttara,1225000.0,632620.0,4,0.5164244897959184,False
ETLCUST-04569,LOKMAN TECHNOLOGY - B. MOKARRAM,Zakir Hossain,Mr. Md. Kamrul Hasan ,CG - MOTIJHEEL,Motijheel,600000.0,571300.0,4,0.9521666666666667,False
ETLCUST-04856,J.M INTERNATIONAL - Motijheel ,Zakir Hossain,Mr. Md. Kamrul Hasan ,CG - MOTIJHEEL,Motijheel,3500000.0,9177200.0,3,2.622057142857143,False
ETLCUST-00352,S.S COMPUTER - KHILKHET,Jiku Saha,Mr. Ajit Kumar Dey ,CG - UTTARA,Uttara,4330000.0,1734605.0,13,0.4006016166281755,False
ETLCUST-00339,TRUST TECHNOLOGIES - BADDA,Jiku Saha,Mr. Ajit Kumar Dey ,CG - UTTARA,Uttara,3900000.0,1263720.0,11,0.32403076923076923,False
ETLCUST-03801,IT STORE - GULSHAN,Jiku Saha,Mr. Ajit Kumar Dey ,CG - UTTARA,Uttara,0.0,282110.0,2,,False
ETLCUST-04152,RAJ ENTERPRISE - NAWABPUR,Noor Hossain,Mr. Md. Kamrul Hasan ,CG - GULISTAN,Gulistan,28150000.0,21389275.0,6,0.7598321492007105,False
ETLCUST-00353,COMPUTER TECHNOLOGY - MOHAKHALI,Jiku Saha,Mr. Ajit Kumar Dey ,CG - UTTARA,Uttara,4660000.0,1387675.0,10,0.2977843347639485,False
ETLCUST-00359,IT NEWS COMPUTER - UTTARA,Jiku Saha,Mr. Ajit Kumar Dey ,CG - UTTARA,Uttara,1765000.0,958545.0,8,0.5430849858356941,False
ETLCUST-02599,NEW GULSHAN COMPUTERS - UTTARA,Dulal Sarker,Mr. Ajit Kumar Dey ,CG - UTTARA,Uttara,831000.0,72420.0,6,0.08714801444043321,False
ETLCUST-00368,ORIGINAL STORE LTD - GULSHAN,Jiku Saha,Mr. Ajit Kumar Dey ,CG - UTTARA,Uttara,3367000.0,1083100.0,18,0.3216810216810217,False
ETLCUST-01437,GRAND ELECTRONICS - TONGI,Saifullah Akndah,Mr. Ajit Kumar Dey ,CG - UTTARA,Uttara,0.0,0.0,0,,False
ETLCUST-00101,J-ELECTRONICS AND WATCH - UTTARA,Dulal Sarker,Mr. Ajit Kumar Dey ,CG - UTTARA,Uttara,2807900.0,819575.0,7,0.29188183339862533,False
ETLCUST-01429,R.A COMPUTER AND PRNTER SOLUTIONS - GAZIPUR,Md. Rahad,Mr. Ajit Kumar Dey ,CG - UTTARA,Uttara,2850000.0,1181995.0,7,0.41473508771929823,False
ETLCUST-03929,AL-MODINA ENTERPRISE - GAZIPUR,Md. Rahad,Mr. Ajit Kumar Dey ,CG - UTTARA,Uttara,29800000.0,8640755.0,10,0.28995822147651007,False
ETLCUST-01405,GIGABYTE COMPUTER - TONGI,Saifullah Akndah,Mr. Ajit Kumar Dey ,CG - UTTARA,Uttara,525000.0,209000.0,6,0.3980952380952381,False
ETLCUST-00149,UTTARA PRINT WORLD - UTTARA,Dulal Sarker,Mr. Ajit Kumar Dey ,CG - UTTARA,Uttara,3860000.0,1892940.0,5,0.49039896373056996,False
ETLCUST-00143,TRUST COMPUTER - UTTARA,Dulal Sarker,Mr. Ajit Kumar Dey ,CG - UTTARA,Uttara,19700000.0,1553975.0,13,0.07888197969543147,False
ETLCUST-04628,HIGH TECH SECURITIES - B. MUKARRAM,Zakir Hossain,Mr. Md. Kamrul Hasan ,CG - MOTIJHEEL,Motijheel,4000000.0,4735040.0,4,1.18376,False
ETLCUST-01210,CHOWDHURY COMPUTER- MOTIJHEEL,Zakir Hossain,Mr. Md. Kamrul Hasan ,CG - MOTIJHEEL,Motijheel,525000.0,55600.0,5,0.1059047619047619,False
ETLCUST-01431,PATWARY ELECTRONICS - GAZIPUR,Saifullah Akndah,Mr. Ajit Kumar Dey ,CG - UTTARA,Uttara,67200000.0,21419745.0,9,0.3187462053571429,False
ETLCUST-00152,MULTILINK COMPUTERS - UTTARA,Dulal Sarker,Mr. Ajit Kumar Dey ,CG - UTTARA,Uttara,20828932.0,13422865.0,21,0.6444336656339364,False
ETLCUST-04325,R H INTERNATIONAL - BAITUL MUKARRAM,Md. Sahedul Islam,Mr. Md. Kamrul Hasan ,CG - MOTIJHEEL,Motijheel,6300000.0,1553525.0,10,0.24659126984126983,False
ETLCUST-01217,MRIDULA COMPUTER - MOTIJHEEL,Zakir Hossain,Mr. Md. Kamrul Hasan ,CG - MOTIJHEEL,Motijheel,1101000.0,0.0,5,0.0,True
ETLCUST-00472,M.RAHMAN ELECTRONICS - GULISTAN,Md Kamrul Hasan Sabuz,Mr. Md. Kamrul Hasan ,CG - GULISTAN,Gulistan,2200000.0,493700.0,1,0.22440909090909092,False
ETLCUST-04649,MIZAN COMPUTER - MOTIJHEEL,Zakir Hossain,Mr. Md. Kamrul Hasan ,CG - MOTIJHEEL,Motijheel,860000.0,851600.0,3,0.9902325581395349,False
ETLCUST-00327,RAPID TECHNOLOGIES - GULSHAN,Jiku Saha,Mr. Ajit Kumar Dey ,CG - UTTARA,Uttara,961000.0,440000.0,7,0.4578563995837669,False
ETLCUST-01870,ANWARA TRADING INTERNATIONAL - PALTAN,Md. Akram Rashid,Mr. Md. Kamrul Hasan ,CG - MOTIJHEEL,Motijheel,3000000.0,592000.0,4,0.19733333333333333,False
ETLCUST-04472,RIT COMPUTER AND IT SUPPORT - GAZIPUR,MD. Shipon Ali,Mr. Ajit Kumar Dey ,CG - UTTARA,Uttara,2200000.0,1126365.0,5,0.5119840909090909,False
ETLCUST-01440,H.M ELECTRONICS - GAZIPUR,Saifullah Akndah,Mr. Ajit Kumar Dey ,CG - UTTARA,Uttara,1000000.0,109350.0,1,0.10935,False
ETLCUST-01666,VERBAL - MOTIJHEEL,Zakir Hossain,Mr. Md. Kamrul Hasan ,CG - MOTIJHEEL,Motijheel,10756820.0,2479500.0,12,0.2305049261770672,False
ETLCUST-01879,TANVIR TRADERS - PALTAN,Md. Akram Rashid,Mr. Md. Kamrul Hasan ,CG - MOTIJHEEL,Motijheel,7420000.0,1199000.0,3,0.16159029649595688,False
ETLCUST-00957,ANIK ELECTRONICS AND ELECTRIC - GULISTAN,Md Kamrul Hasan Sabuz,Mr. Md. Kamrul Hasan ,CG - GULISTAN,Gulistan,5000000.0,378400.0,1,0.07568,False
ETLCUST-01592,ACTIVE ELECTRONICS - GULISTAN,Shamim Hossain,Mr. Md. Kamrul Hasan ,CG - GULISTAN,Gulistan,1000000.0,352250.0,1,0.35225,False
ETLCUST-00480,SUPER KING TRADE INT.- GULISTAN,Md Kamrul Hasan Sabuz,Mr. Md. Kamrul Hasan ,CG - GULISTAN,Gulistan,1000000.0,425600.0,1,0.4256,False
ETLCUST-01212,JOYTI ELECTRONICS - B. MUKARRAM,Noor Hossain,Mr. Md. Kamrul Hasan ,CG - GULISTAN,Gulistan,1200000.0,369300.0,1,0.30775,False
ETLCUST-00953,RUMI ELECTRONICS - GULISTAN,Noor Hossain,Mr. Md. Kamrul Hasan ,CG - GULISTAN,Gulistan,3500000.0,664800.0,1,0.18994285714285714,False
ETLCUST-00946,NEW SONY ELECTRONICS - GULISTAN,Noor Hossain,Mr. Md. Kamrul Hasan ,CG - GULISTAN,Gulistan,1500000.0,650500.0,1,0.43366666666666664,False
ETLCUST-00474,SONY ELECTRONICS - GULISTAN,Md Kamrul Hasan Sabuz,Mr. Md. Kamrul Hasan ,CG - GULISTAN,Gulistan,2500000.0,433550.0,1,0.17342,False
ETLCUST-03226,SHINE TECH - B. MUKARRAM,Zakir Hossain,Mr. Md. Kamrul Hasan ,CG - MOTIJHEEL,Motijheel,500000.0,2004100.0,5,4.0082,False
ETLCUST-04660,AI TECHNOLOGY - B. MUKARRAM,Zakir Hossain,Mr. Md. Kamrul Hasan ,CG - MOTIJHEEL,Motijheel,3787200.0,6932155.0,6,1.830416930713984,False
ETLCUST-01427,BISWAS ENTERPRISE - UTTARA,Md. Rahad,Mr. Ajit Kumar Dey ,CG - UTTARA,Uttara,2700000.0,1971420.0,5,0.7301555555555556,False
ETLCUST-01428,BETAR SERVICE - GAZIPUR,MD. Shipon Ali,Mr. Ajit Kumar Dey ,CG - UTTARA,Uttara,14600000.0,4733025.0,4,0.32417979452054796,False
ETLCUST-00354,VITAL COMPUTERS - MOHAKHALI,Jiku Saha,Mr. Ajit Kumar Dey ,CG - UTTARA,Uttara,2663000.0,957400.0,12,0.35951933909125044,False
ETLCUST-00105,CASH CUSTOMER - UTTARA,Dulal Sarker,Mr. Ajit Kumar Dey ,CG - UTTARA,Uttara,51960.0,1279175.0,17,24.61845650500385,False
ETLCUST-00129,IT CORNER - SYED GRAND,Dulal Sarker,Mr. Ajit Kumar Dey ,CG - UTTARA,Uttara,325000.0,13400.0,4,0.04123076923076923,False
ETLCUST-03135,MOLLA ELECTRONICS-02 - GULISTAN,Shamim Hossain,Mr. Md. Kamrul Hasan ,CG - GULISTAN,Gulistan,2500000.0,575850.0,1,0.23034,False
ETLCUST-00140,TECHNOLOGY PARK - UTTARA,Dulal Sarker,Mr. Ajit Kumar Dey ,CG - UTTARA,Uttara,2341200.0,73900.0,9,0.031565009396890484,False
ETLCUST-03622,NAIM ENTERPRISE - GULISTAN,Md Kamrul Hasan Sabuz,Mr. Md. Kamrul Hasan ,CG - GULISTAN,Gulistan,10000000.0,3098350.0,1,0.309835,False
ETLCUST-03009,KAMAL ELECTRONICS - GULISTAN,Md Kamrul Hasan Sabuz,Mr. Md. Kamrul Hasan ,CG - GULISTAN,Gulistan,2500000.0,1214500.0,1,0.4858,False
ETLCUST-01414,ABDULLAH ENTERPRISE - GAZIPUR,Md. Rahad,Mr. Ajit Kumar Dey ,CG - UTTARA,Uttara,13065000.0,7924955.0,7,0.606579027937237,False
ETLCUST-01432,TL TELECOM - KONABARI,MD. Shipon Ali,Mr. Ajit Kumar Dey ,CG - UTTARA,Uttara,13780000.0,6400360.0,10,0.4644673439767779,False
ETLCUST-04296,UTTARA PC SOLUTIONS - UTTARA,Dulal Sarker,Mr. Ajit Kumar Dey ,CG - UTTARA,Uttara,420000.0,222000.0,4,0.5285714285714286,False
ETLCUST-00942,BEPARI ENTERPRISE - GULISTAN,Noor Hossain,Mr. Md. Kamrul Hasan ,CG - GULISTAN,Gulistan,1500000.0,575900.0,1,0.38393333333333335,False
ETLCUST-00364,GOOD LUCK STATIONERY - GULSHAN,Jiku Saha,Mr. Ajit Kumar Dey ,CG - UTTARA,Uttara,874000.0,40000.0,5,0.04576659038901602,False
ETLCUST-04904,DISH PLUS - GAZIPUR,Md. Rahad,Mr. Ajit Kumar Dey ,CG - GAZIPUR,Uttara,13000000.0,8977400.0,8,0.6905692307692308,False
ETLCUST-00127,IT PARK AND NETWORKING - UTTARA,Dulal Sarker,Mr. Ajit Kumar Dey ,CG - UTTARA,Uttara,1473932.0,518600.0,12,0.3518479821321472,False
ETLCUST-00132,PC CARNIVAL - UTTARA,Dulal Sarker,Mr. Ajit Kumar Dey ,CG - UTTARA,Uttara,0.0,13200.0,1,,False
ETLCUST-00122,COMPUTER LAND - UTTARA,Dulal Sarker,Mr. Ajit Kumar Dey ,CG - UTTARA,Uttara,325000.0,22155.0,3,0.06816923076923077,False
ETLCUST-01904,FAMOUS TECHNOLOGIES - MOTIJHEEL,Zakir Hossain,Mr. Md. Kamrul Hasan ,CG - MOTIJHEEL,Motijheel,7006348.0,1134850.0,6,0.16197454080214113,False
ETLCUST-01395,DOT COM COMPUTERS - GAZIPUR,Md. Rahad,Mr. Ajit Kumar Dey ,CG - UTTARA,Uttara,1060000.0,0.0,5,0.0,True
ETLCUST-04047,SHOPNOPURON ELECTRONICS - GAZIPUR,Md. Rahad,Mr. Ajit Kumar Dey ,CG - UTTARA,Uttara,9600000.0,2629085.0,4,0.27386302083333336,False
ETLCUST-03255,TANIA ELECTRONICS AND ELECTRIC - GAZIPUR,MD. Shipon Ali,Mr. Ajit Kumar Dey ,CG - UTTARA,Uttara,4248600.0,1555785.0,7,0.3661876853551758,False
ETLCUST-01446,COMPUTER ZONE - KALIAKOIR,MD. Shipon Ali,Mr. Ajit Kumar Dey ,CG - UTTARA,Uttara,3420000.0,999750.0,10,0.29232456140350876,False
ETLCUST-00131,WINTELL COMPUTER - UTTARA,Dulal Sarker,Mr. Ajit Kumar Dey ,CG - UTTARA,Uttara,1433160.0,524745.0,14,0.366145440844009,False
ETLCUST-03096,DIGITAL CAMERA MART - B. MUKARRAM,Md. Sahedul Islam,Mr. Md. Kamrul Hasan ,CG - MOTIJHEEL,Motijheel,10000000.0,4195400.0,2,0.41954,False
ETLCUST-03854,DISH CABLE AND CABLE - GULISTAN,Shamim Hossain,Mr. Md. Kamrul Hasan ,CG - GULISTAN,Gulistan,30280000.0,18175015.0,5,0.6002316710700132,False
ETLCUST-04632,ADNAN TECHNOLOGY - B.MUKARRAM ,Md. Sahedul Islam,Mr. Md. Kamrul Hasan ,CG - MOTIJHEEL,Motijheel,12000000.0,5435750.0,4,0.45297916666666665,False
ETLCUST-03899,HIGH TECH - JAMUNA FUTURE PARK,Jiku Saha,Mr. Ajit Kumar Dey ,CG - UTTARA,Uttara,3458000.0,1933665.0,7,0.559185945633314,False
ETLCUST-01423,MOHASIN ELECTRONICS AND COMPUTER - GAZIPUR,Md. Rahad,Mr. Ajit Kumar Dey ,CG - UTTARA,Uttara,5627560.0,1984730.0,13,0.3526803801292212,False
ETLCUST-00344,MODERN OFFICE EQUIPMENT - MOHAKHALI,Jiku Saha,Mr. Ajit Kumar Dey ,CG - UTTARA,Uttara,8523900.0,2119000.0,4,0.24859512664390712,False
ETLCUST-04460,CASH CUSTOMER - ZAKIR HOSSAIN,Zakir Hossain,Mr. Md. Kamrul Hasan ,CG - MOTIJHEEL,Motijheel,1318780.0,1879670.0,15,1.4253097559865937,False
ETLCUST-05065,MH COMPUTER-PURANA PALTON,Md. Akram Rashid,Mr. Md. Kamrul Hasan ,CG - MOTIJHEEL,Motijheel,3360000.0,1863500.0,1,0.5546130952380952,False
ETLCUST-01384,NEW R.L COMPUTER - KONABARI,MD. Shipon Ali,Mr. Ajit Kumar Dey ,CG - UTTARA,Uttara,800000.0,36630.0,7,0.0457875,False
ETLCUST-01416,LOTIF ELECTRONICS - MOUCHAK,MD. Shipon Ali,Mr. Ajit Kumar Dey ,CG - UTTARA,Uttara,4650000.0,1164950.0,7,0.2505268817204301,False
ETLCUST-01569,BISWABANI - NAWABPUR,Shamim Hossain,Mr. Md. Kamrul Hasan ,CG - GULISTAN,Gulistan,0.0,360050.0,1,,False
ETLCUST-00955,SATATA ELECTRONICS - GULISTAN,Md Kamrul Hasan Sabuz,Mr. Md. Kamrul Hasan ,CG - GULISTAN,Gulistan,37250000.0,20862605.0,8,0.560069932885906,False
ETLCUST-00363,COMPUTER TECHNOLOGY- GULSHAN-02,Jiku Saha,Mr. Ajit Kumar Dey ,CG - UTTARA,Uttara,300000.0,308000.0,3,1.0266666666666666,False
ETLCUST-01422,NEW TECH COMPUTER - SREEPUR,MD. Shipon Ali,Mr. Ajit Kumar Dey ,CG - UTTARA,Uttara,49179099.0,26069840.0,9,0.5300999922751737,False
ETLCUST-02634,NAVIGATION SERVICE SOLUTION - JAMUNA FUTURE PARK,Jiku Saha,Mr. Ajit Kumar Dey ,CG - UTTARA,Uttara,1780000.0,444385.0,6,0.24965449438202247,False
ETLCUST-04085,BRAND TECHNOLOGY - KERANIGONJ,Noor Hossain,Mr. Md. Kamrul Hasan ,CG - GULISTAN,Gulistan,5600000.0,2951895.0,7,0.5271241071428572,False
ETLCUST-04022,EXPERT COMPUTER - GAZIPUR,Md. Rahad,Mr. Ajit Kumar Dey ,CG - UTTARA,Uttara,300000.0,5200.0,2,0.017333333333333333,False
ETLCUST-00959,H.A. COMPUTER - GULISTAN,Md Kamrul Hasan Sabuz,Mr. Md. Kamrul Hasan ,CG - GULISTAN,Gulistan,2000000.0,1175370.0,7,0.587685,False
ETLCUST-01415,FRIENDS COMPUTER - KONABARI,MD. Shipon Ali,Mr. Ajit Kumar Dey ,CG - UTTARA,Uttara,2020000.0,544575.0,11,0.26959158415841583,False
ETLCUST-03069,BROTHERS COMPUTER - GULISTAN,Noor Hossain,Mr. Md. Kamrul Hasan ,CG - GULISTAN,Gulistan,11000000.0,6673050.0,7,0.6066409090909091,False
ETLCUST-00146,ELECTRONICS POINT - UTTARA,Dulal Sarker,Mr. Ajit Kumar Dey ,CG - UTTARA,Uttara,4325000.0,2111910.0,7,0.4883028901734104,False
ETLCUST-00952,AZMIR TELECOM - GULISTAN,Noor Hossain,Mr. Md. Kamrul Hasan ,CG - GULISTAN,Gulistan,8000000.0,1506350.0,1,0.18829375,False
ETLCUST-00144,AL-NOOR COMPUTER - UTTARA,Dulal Sarker,Mr. Ajit Kumar Dey ,CG - UTTARA,Uttara,585000.0,153000.0,3,0.26153846153846155,False
ETLCUST-04369,PROJECTOR SERVICE - KAKRAIL,Zakir Hossain,Mr. Md. Kamrul Hasan ,CG - MOTIJHEEL,Motijheel,530680.0,354000.0,2,0.6670686666164167,False
ETLCUST-01871,INTIMACY COMPUTER AND SOLUTIONS - MOTIJHEEL,Zakir Hossain,Mr. Md. Kamrul Hasan ,CG - MOTIJHEEL,Motijheel,3897200.0,660000.0,5,0.16935235553730885,False
ETLCUST-03038,HAZI TRADERS - MOTIJHEEL,Zakir Hossain,Mr. Md. Kamrul Hasan ,CG - MOTIJHEEL,Motijheel,2694000.0,785500.0,12,0.29157386785449146,False
ETLCUST-01209,NAHID TRADERS - B.MUKARRAM,Noor Hossain,Mr. Md. Kamrul Hasan ,CG - GULISTAN,Gulistan,1100000.0,153200.0,1,0.13927272727272727,False
ETLCUST-00464,NEW MAYER DOYA ELECTRONICS - GULISTAN,Md Kamrul Hasan Sabuz,Mr. Md. Kamrul Hasan ,CG - GULISTAN,Gulistan,500000.0,294600.0,1,0.5892,False
ETLCUST-00468,JAFRIN ENTERPRISE - GULISTAN,Md Kamrul Hasan Sabuz,Mr. Md. Kamrul Hasan ,CG - GULISTAN,Gulistan,6500000.0,2652950.0,1,0.4081461538461538,False
ETLCUST-01211,SAAT SAGAR - B.MUKARRAM,Noor Hossain,Mr. Md. Kamrul Hasan ,CG - GULISTAN,Gulistan,1200000.0,602750.0,1,0.5022916666666667,False
ETLCUST-00137,MARK ONE TECHNOLOGY - UTTARA,Dulal Sarker,Mr. Ajit Kumar Dey ,CG - UTTARA,Uttara,0.0,0.0,0,,False
ETLCUST-03643,PRINTER CITY - PALTAN,Md. Akram Rashid,Mr. Md. Kamrul Hasan ,CG - MOTIJHEEL,Motijheel,6632000.0,0.0,3,0.0,True
ETLCUST-00366,COMPUTER SOUL - MOHAKALI,Jiku Saha,Mr. Ajit Kumar Dey ,CG - UTTARA,Uttara,1840000.0,1346450.0,8,0.7317663043478261,False
ETLCUST-00356,SA COMPUTERS - KHILKHET,Jiku Saha,Mr. Ajit Kumar Dey ,CG - UTTARA,Uttara,3455600.0,1490725.0,10,0.4313939692093992,False
ETLCUST-01411,VISION TECHNOLOGY - GAZIPUR,Md. Rahad,Mr. Ajit Kumar Dey ,CG - UTTARA,Uttara,1986060.0,121090.0,7,0.060969960625560156,False
ETLCUST-01435,AMIRUL SUPER SHOP - GAZIPUR,MD. Shipon Ali,Mr. Ajit Kumar Dey ,CG - UTTARA,Uttara,700000.0,194160.0,3,0.27737142857142855,False
ETLCUST-03205,TOUCH POWER & TECHNOLOGY -KONBARI,MD. Shipon Ali,Mr. Ajit Kumar Dey ,CG - UTTARA,Uttara,4086000.0,0.0,4,0.0,True
ETLCUST-03562,DIGITAL ZONE - B. MUKARRAM,Md. Sahedul Islam,Mr. Md. Kamrul Hasan ,CG - MOTIJHEEL,Motijheel,0.0,0.0,0,,False
ETLCUST-05175,OISHI COMPUTER & SOLUTIONS - MOTIJHEEL,Hridoy Chandra Das,Mr. Md. Kamrul Hasan ,CG - MOTIJHEEL,Motijheel,0.0,9500.0,1,,False
ETLCUST-01571,ROBIN ELECTRONICS - GULISTAN,Shamim Hossain,Mr. Md. Kamrul Hasan ,CG - GULISTAN,Gulistan,0.0,0.0,0,,False
ETLCUST-04919,JAHANARA ENTERPRISE - GULISTAN,Noor Hossain,Mr. Md. Kamrul Hasan ,CG - GULISTAN,Gulistan,650000.0,278000.0,3,0.4276923076923077,False
ETLCUST-00147,TECH LIFE BD - UTTARA,Dulal Sarker,Mr. Ajit Kumar Dey ,CG - UTTARA,Uttara,336200.0,235810.0,5,0.7013979773944081,False
ETLCUST-01884,MOLLA ENTERPRISE - PALTAN,Md. Akram Rashid,Mr. Md. Kamrul Hasan ,CG - MOTIJHEEL,Motijheel,784000.0,0.0,1,0.0,True
ETLCUST-01417,SHIRIN ELECTRONICS - TONGI,Saifullah Akndah,Mr. Ajit Kumar Dey ,CG - UTTARA,Uttara,150000.0,85100.0,1,0.5673333333333334,False
ETLCUST-04238,UNIFIRST TECHNOLOGY - GULISTAN,Shamim Hossain,Mr. Md. Kamrul Hasan ,CG - GULISTAN,Gulistan,68390000.0,29083015.0,12,0.4252524491884778,False
ETLCUST-00141,S.S COMPUTER AND NETWORK - UTTARA,Dulal Sarker,Mr. Ajit Kumar Dey ,CG - UTTARA,Uttara,2001966.0,447740.0,16,0.22365015190068163,False
ETLCUST-01389,TECHNO CITY - GAZIPUR,Md. Rahad,Mr. Ajit Kumar Dey ,CG - UTTARA,Uttara,6837015.0,1720125.0,10,0.2515900579419527,False
ETLCUST-04021,SENSOR TECHNOLOGY - UTTARA,Dulal Sarker,Mr. Ajit Kumar Dey ,CG - UTTARA,Uttara,614000.0,304330.0,5,0.4956514657980456,False
ETLCUST-00134,THE BEST COMPUTER - UTTARA,Dulal Sarker,Mr. Ajit Kumar Dey ,CG - UTTARA,Uttara,3723932.0,388280.0,4,0.10426613590151484,False
ETLCUST-04468,JRB ENTERPRISE  - SREEPUR,MD. Shipon Ali,Mr. Ajit Kumar Dey ,CG - UTTARA,Uttara,3200000.0,829770.0,3,0.259303125,False
ETLCUST-00133,MULTIMEDIA COMPUTER - UTTARA,Dulal Sarker,Mr. Ajit Kumar Dey ,CG - UTTARA,Uttara,4569580.0,2175390.0,13,0.47605906888598076,False
ETLCUST-03451,S.R COMPUTER - MOTIJHEEL,Md. Akram Rashid,Mr. Md. Kamrul Hasan ,CG - MOTIJHEEL,Motijheel,3960000.0,1592500.0,3,0.40214646464646464,False
ETLCUST-01424,MASUD ELECTRONICS AND COMPUTER - GAZIPUR,Md. Rahad,Mr. Ajit Kumar Dey ,CG - UTTARA,Uttara,2600000.0,516115.0,13,0.19850576923076924,False
ETLCUST-01585,S.K. ELECTRONICS - GULISTAN,Shamim Hossain,Mr. Md. Kamrul Hasan ,CG - GULISTAN,Gulistan,2500000.0,410050.0,1,0.16402,False
ETLCUST-03482,BLUE STAR TRADE - GULISTAN,Shamim Hossain,Mr. Md. Kamrul Hasan ,CG - GULISTAN,Gulistan,2000000.0,1428200.0,1,0.7141,False
ETLCUST-03670,AM IT SOLUTIONS - MOTIJHEEL,Zakir Hossain,Mr. Md. Kamrul Hasan ,CG - MOTIJHEEL,Motijheel,3582514.0,897600.0,3,0.25055031187596194,False
ETLCUST-01419,COMPUTER LAB AND SERVICE STORE - TONGI,Saifullah Akndah,Mr. Ajit Kumar Dey ,CG - UTTARA,Uttara,17310000.0,5662090.0,13,0.3270993645291739,False
ETLCUST-03474,S & S COMPUTER SOLUTION - MOTIJHEEL,Zakir Hossain,Mr. Md. Kamrul Hasan ,CG - MOTIJHEEL,Motijheel,2237920.0,610050.0,8,0.27259687567026525,False
ETLCUST-01208,BUSINESS TRACKER - E.PLUS,Md. Sahedul Islam,Mr. Md. Kamrul Hasan ,CG - MOTIJHEEL,Motijheel,0.0,0.0,0,,False
ETLCUST-03338,SMS IT WORLD - MOTIJHEEL,Zakir Hossain,Mr. Md. Kamrul Hasan ,CG - MOTIJHEEL,Motijheel,2270000.0,724800.0,7,0.319295154185022,False
ETLCUST-00954,NEW MUM ELECTRONICS - GULISTAN,Noor Hossain,Mr. Md. Kamrul Hasan ,CG - GULISTAN,Gulistan,1500000.0,356800.0,1,0.23786666666666667,False
ETLCUST-05094,SR ELECTRONICS - NATIONAL STADIUM,Noor Hossain,Mr. Md. Kamrul Hasan ,CG - GULISTAN,Gulistan,300000.0,5966825.0,4,19.889416666666666,False
ETLCUST-01420,RASEL ELECTRONICS STORE - GAZIPUR,Md. Rahad,Mr. Ajit Kumar Dey ,CG - UTTARA,Uttara,13400000.0,4685390.0,11,0.34965597014925376,False
ETLCUST-04914,SOFTECH COMPUTER - SREEPUR,MD. Shipon Ali,Mr. Ajit Kumar Dey ,CG - GAZIPUR,Uttara,120000.0,245475.0,8,2.045625,False
ETLCUST-04018,PATWARY TECHNOLOGY - GULISTAN,Noor Hossain,Mr. Md. Kamrul Hasan ,CG - GULISTAN,Gulistan,3600000.0,651850.0,5,0.18106944444444445,False
ETLCUST-04324,BISMILLAH IT SOLUTION & ENGINEERING - NOTUN BAZAR,Jiku Saha,Mr. Ajit Kumar Dey ,CG - UTTARA,Uttara,950000.0,2090.0,2,0.0022,False
ETLCUST-00153,CTG COMPUTER CITY - UTTARA,Dulal Sarker,Mr. Ajit Kumar Dey ,CG - UTTARA,Uttara,5187000.0,522065.0,10,0.1006487372276846,False
ETLCUST-01245,MASTER TECHNOLOGY - PALTAN,Md. Sahedul Islam,Mr. Md. Kamrul Hasan ,CG - MOTIJHEEL,Motijheel,2750000.0,8395300.0,7,3.052836363636364,False
ETLCUST-01860,PARTS MART - PALTAN,Md. Akram Rashid,Mr. Md. Kamrul Hasan ,CG - MOTIJHEEL,Motijheel,450000.0,0.0,2,0.0,True
ETLCUST-00099,IT FAIR AND ELECTRONICS - UTTARA,Dulal Sarker,Mr. Ajit Kumar Dey ,CG - UTTARA,Uttara,1619830.0,6125.0,9,0.0037812609965243264,False
ETLCUST-03769,TRANS TECHNOLOGY - STADIUM MARKET,Zakir Hossain,Mr. Md. Kamrul Hasan ,CG - MOTIJHEEL,Motijheel,1518300.0,1627465.0,11,1.0718994928538497,False
ETLCUST-03123,ICON COMPUTERS - KONABARI,MD. Shipon Ali,Mr. Ajit Kumar Dey ,CG - UTTARA,Uttara,5650000.0,608565.0,10,0.10771061946902655,False
ETLCUST-03893,J.B IT - MOTIJHEEL,Zakir Hossain,Mr. Md. Kamrul Hasan ,CG - MOTIJHEEL,Motijheel,0.0,11500.0,1,,False
ETLCUST-03422,RHM CORPORATION - MOHAKHALI,Jiku Saha,Mr. Ajit Kumar Dey ,CG - UTTARA,Uttara,0.0,0.0,0,,False
ETLCUST-01584,FILCO ELECTRONICS - GULISTAN,Shamim Hossain,Mr. Md. Kamrul Hasan ,CG - GULISTAN,Gulistan,1500000.0,354000.0,1,0.236,False
ETLCUST-01869,NATIONAL COMPUTER - MOTIJHEEL,Md. Sahedul Islam,Mr. Md. Kamrul Hasan ,CG - MOTIJHEEL,Motijheel,2858040.0,1345000.0,9,0.47060223089949754,False
ETLCUST-01865,TORSA ICT - MOTIJHEEL,Md. Sahedul Islam,Mr. Md. Kamrul Hasan ,CG - MOTIJHEEL,Motijheel,818280.0,50000.0,4,0.06110377865767219,False
ETLCUST-00362,SAFE COMPUTER ZONE - BADDA,Jiku Saha,Mr. Ajit Kumar Dey ,CG - UTTARA,Uttara,0.0,14000.0,1,,False
ETLCUST-01581,DADA ENTERPRISE - GULISTAN,Shamim Hossain,Mr. Md. Kamrul Hasan ,CG - GULISTAN,Gulistan,500000.0,115400.0,1,0.2308,False
ETLCUST-04360,MORIUM ELECTRONICS - GULISTAN,Md Kamrul Hasan Sabuz,Mr. Md. Kamrul Hasan ,CG - GULISTAN,Gulistan,0.0,13000.0,1,,False
ETLCUST-01204,RADIO HOUSE - PALTAN,Nishan Datta,Mr. Md. Kamrul Hasan ,CG - MOTIJHEEL,Motijheel,0.0,0.0,0,,False
ETLCUST-01578,NEW CITY ELECTRONICS - NAWABPUR,Shamim Hossain,Mr. Md. Kamrul Hasan ,CG - GULISTAN,Gulistan,3500000.0,772300.0,1,0.22065714285714286,False
ETLCUST-03144,FRIEND DIGITAL LINK -PURANA PALTAN,Md. Sahedul Islam,Mr. Md. Kamrul Hasan ,CG - MOTIJHEEL,Motijheel,1000000.0,690080.0,5,0.69008,False
ETLCUST-05204,MT SOLAR POWER - GULISTAN,Md Kamrul Hasan Sabuz,Mr. Md. Kamrul Hasan ,CG - GULISTAN,Gulistan,500000.0,2482200.0,1,4.9644,False
ETLCUST-05214,AYESHA ELECTRIC AND SOLAR - GULISTAN,Shamim Hossain,Mr. Md. Kamrul Hasan ,CG - GULISTAN,Gulistan,800000.0,266600.0,1,0.33325,False
ETLCUST-01438,DIGITAL COMPUTER - GAZIPUR,MD. Shipon Ali,Mr. Ajit Kumar Dey ,CG - UTTARA,Uttara,473726.0,119345.0,8,0.25192832987845293,False
ETLCUST-03263,PC COMPUTER - UTTARA,Dulal Sarker,Mr. Ajit Kumar Dey ,CG - UTTARA,Uttara,1195830.0,283300.0,9,0.2369065837117316,False
ETLCUST-02713,CORPORATE POINT - MOTIJHEEL,Zakir Hossain,Mr. Md. Kamrul Hasan ,CG - MOTIJHEEL,Motijheel,1230800.0,226000.0,5,0.18362040948976274,False
ETLCUST-00124,PCS COMPUTER AND NETWORK - UTTARA,Dulal Sarker,Mr. Ajit Kumar Dey ,CG - UTTARA,Uttara,100000.0,0.0,1,0.0,True
ETLCUST-01407,DIAMOND COMPUTER IT - TONGI,Saifullah Akndah,Mr. Ajit Kumar Dey ,CG - UTTARA,Uttara,230440.0,209710.0,7,0.9100416594341261,False
ETLCUST-01439,SHAFI ENTERPRISE - MIRZAPUR,MD. Shipon Ali,Mr. Ajit Kumar Dey ,CG - UTTARA,Uttara,0.0,0.0,0,,False
ETLCUST-04290,SAYEM ENTERPRISE - PALTAN,Md. Akram Rashid,Mr. Md. Kamrul Hasan ,CG - MOTIJHEEL,Motijheel,2246000.0,0.0,3,0.0,True
ETLCUST-01580,NEW PRIME ELECTRONICS - GULISTAN,Shamim Hossain,Mr. Md. Kamrul Hasan ,CG - GULISTAN,Gulistan,5600000.0,1093700.0,1,0.19530357142857144,False
ETLCUST-00322,NEW COMPUTER BAZAR - NARSINGDI,Jiku Saha,Mr. Ajit Kumar Dey ,CG - UTTARA,Uttara,0.0,0.0,0,,False
ETLCUST-03213,COMPUTER PLANET UTTARA -  UTTARA,Dulal Sarker,Mr. Ajit Kumar Dey ,CG - UTTARA,Uttara,0.0,0.0,0,,False
ETLCUST-00369,SISCOTECH - KAFRUL,Jiku Saha,Mr. Ajit Kumar Dey ,CG - UTTARA,Uttara,200000.0,9500.0,2,0.0475,False
ETLCUST-00941,NEW TANHA TELECOM - GULISTAN,Noor Hossain,Mr. Md. Kamrul Hasan ,CG - GULISTAN,Gulistan,500000.0,0.0,1,0.0,True
ETLCUST-04076,NEYAMOT ENTERPRISE - KHILKHET,Jiku Saha,Mr. Ajit Kumar Dey ,CG - UTTARA,Uttara,350000.0,177000.0,1,0.5057142857142857,False
ETLCUST-00120,ABC COMPUTER TECH - UTTARA,Dulal Sarker,Mr. Ajit Kumar Dey ,CG - UTTARA,Uttara,8000.0,0.0,1,0.0,True
ETLCUST-01426,YEASIN ELECTRONICS - GAZIPUR,Md. Rahad,Mr. Ajit Kumar Dey ,CG - UTTARA,Uttara,300000.0,0.0,1,0.0,True
ETLCUST-00128,FAITH COMPUTER AND SERVICE CENTER - UTTARA,Dulal Sarker,Mr. Ajit Kumar Dey ,CG - UTTARA,Uttara,5000.0,36740.0,4,7.348,False
ETLCUST-04522,KHAN & SONS - STADIUM MARKET,Shamim Hossain,Mr. Md. Kamrul Hasan ,CG - GULISTAN,Gulistan,1500000.0,607200.0,1,0.4048,False
ETLCUST-00473,A.S ELECTRONICS - GULISTAN,Md Kamrul Hasan Sabuz,Mr. Md. Kamrul Hasan ,CG - GULISTAN,Gulistan,2200000.0,236600.0,1,0.10754545454545454,False
ETLCUST-01582,SADIA ENTERPRISE - GULISTAN,Shamim Hossain,Mr. Md. Kamrul Hasan ,CG - GULISTAN,Gulistan,3600000.0,1531400.0,1,0.42538888888888887,False
ETLCUST-00142,EASY SOLUTION - UTTARA,Dulal Sarker,Mr. Ajit Kumar Dey ,CG - UTTARA,Uttara,0.0,20830.0,1,,False
ETLCUST-01430,MAA MONY ELECTRIC - TONGI,Saifullah Akndah,Mr. Ajit Kumar Dey ,CG - UTTARA,Uttara,2000000.0,689100.0,1,0.34455,False
ETLCUST-00118,TECH4YOU - UTTARA,Dulal Sarker,Mr. Ajit Kumar Dey ,CG - UTTARA,Uttara,0.0,0.0,0,,False
ETLCUST-01433,DO END TECHNOLOGIES - GAZIPUR,Saifullah Akndah,Mr. Ajit Kumar Dey ,CG - UTTARA,Uttara,950000.0,0.0,2,0.0,True
ETLCUST-05203,HANKO CORPORATION - GULISTAN,Noor Hossain,Mr. Md. Kamrul Hasan ,CG - GULISTAN,Gulistan,0.0,0.0,0,,False
ETLCUST-01583,SORME ENTERPRISE - GULISTAN,Md Kamrul Hasan Sabuz,Mr. Md. Kamrul Hasan ,CG - GULISTAN,Gulistan,4000000.0,881850.0,1,0.2204625,False
ETLCUST-01248,AM COMPUTERS - MOTIJHEEL,Zakir Hossain,Mr. Md. Kamrul Hasan ,CG - MOTIJHEEL,Motijheel,3221550.0,1573000.0,5,0.48827427790970185,False
ETLCUST-01883,TRADE LINK INTERNATIONAL - PALTAN,Md. Akram Rashid,Mr. Md. Kamrul Hasan ,CG - MOTIJHEEL,Motijheel,2392000.0,495000.0,3,0.20693979933110368,False
ETLCUST-01878,NEW AMENA CORPORATION - PALTAN,Md. Akram Rashid,Mr. Md. Kamrul Hasan ,CG - MOTIJHEEL,Motijheel,3540000.0,42800.0,6,0.01209039548022599,False
ETLCUST-03596,MAK IT SOLUTION - UTTARA,Dulal Sarker,Mr. Ajit Kumar Dey ,CG - UTTARA,Uttara,700000.0,1043510.0,6,1.4907285714285714,False
ETLCUST-00125,SOFTWARE LAND - UTTARA,Dulal Sarker,Mr. Ajit Kumar Dey ,CG - UTTARA,Uttara,0.0,0.0,0,,False
ETLCUST-05202,JAPAN SOLAR & ELECTRIC - GULISTAN ,Md Kamrul Hasan Sabuz,Mr. Md. Kamrul Hasan ,CG - GULISTAN,Gulistan,500000.0,459100.0,1,0.9182,False
ETLCUST-05171,GLORY OFFICE SOLUTION - MOTIJHEEL,Zakir Hossain,Mr. Md. Kamrul Hasan ,CG - MOTIJHEEL,Motijheel,560000.0,0.0,1,0.0,True
ETLCUST-00093,BIOS TECHNOLOGY - UTTARA,Dulal Sarker,Mr. Ajit Kumar Dey ,CG - UTTARA,Uttara,0.0,0.0,0,,False
ETLCUST-03277,NATIONAL ELECTRONICS - GULISTAN,Shamim Hossain,Mr. Md. Kamrul Hasan ,CG - GULISTAN,Gulistan,1300000.0,139300.0,1,0.10715384615384616,False
ETLCUST-01880,IHP CORPORATION - PALTAN,Md. Akram Rashid,Mr. Md. Kamrul Hasan ,CG - MOTIJHEEL,Motijheel,2140000.0,479000.0,4,0.22383177570093457,False
ETLCUST-01573,N. T. ELECTRIC AND ELECTRONICS - GULISTAN,Shamim Hossain,Mr. Md. Kamrul Hasan ,CG - GULISTAN,Gulistan,0.0,0.0,0,,False
ETLCUST-04398,PC DOCTOR BD - JAMUNA FUTURE PARK,Jiku Saha,Mr. Ajit Kumar Dey ,CG - UTTARA,Uttara,2100000.0,0.0,2,0.0,True
ETLCUST-03254,ROOT FIVE - UTTARA,Dulal Sarker,Mr. Ajit Kumar Dey ,CG - UTTARA,Uttara,300000.0,0.0,3,0.0,True
ETLCUST-00465,YOUSUF ELECTRONICS - GULISTAN,Md Kamrul Hasan Sabuz,Mr. Md. Kamrul Hasan ,CG - GULISTAN,Gulistan,0.0,0.0,0,,False
ETLCUST-01408,HEMAL TELECOM - TONGI,Saifullah Akndah,Mr. Ajit Kumar Dey ,CG - UTTARA,Uttara,10000.0,806240.0,5,80.624,False
ETLCUST-04237,MIM ELECTRONICS & DIGITAL WORLD - DEMRA,Md Kamrul Hasan Sabuz,Mr. Md. Kamrul Hasan ,CG - GULISTAN,Gulistan,70000.0,0.0,1,0.0,True
ETLCUST-00964,NOOR TRADING - GULISTAN,Noor Hossain,Mr. Md. Kamrul Hasan ,CG - GULISTAN,Gulistan,300000.0,261350.0,1,0.8711666666666666,False
ETLCUST-03066,BROTHERS TECHNOLOGY - UTTARA,Dulal Sarker,Mr. Ajit Kumar Dey ,CG - UTTARA,Uttara,0.0,0.0,0,,False
ETLCUST-00123,THE COMPUTER POINT - UTTARA,Dulal Sarker,Mr. Ajit Kumar Dey ,CG - UTTARA,Uttara,130000.0,0.0,2,0.0,True
ETLCUST-00471,MONIR ENTERPRISE - GULISTAN,Md Kamrul Hasan Sabuz,Mr. Md. Kamrul Hasan ,CG - GULISTAN,Gulistan,6000000.0,21700.0,1,0.0036166666666666665,False
ETLCUST-03037,STAR COMPUTER VISION - MOTIJHEEL,Md. Sahedul Islam,Mr. Md. Kamrul Hasan ,CG - MOTIJHEEL,Motijheel,1680000.0,1050000.0,1,0.625,False
ETLCUST-04568,DIGICCOM INTERNATIONAL LTD - PALTAN,Zakir Hossain,Mr. Md. Kamrul Hasan ,CG - MOTIJHEEL,Motijheel,100000.0,38425.0,2,0.38425,False
ETLCUST-00951,BAKSHI ENTERPRISE - GULISTAN,Noor Hossain,Mr. Md. Kamrul Hasan ,CG - GULISTAN,Gulistan,1600000.0,0.0,2,0.0,True
ETLCUST-00967,NAZRUL TRADE INTERNATIONAL - GULISTAN,Noor Hossain,Mr. Md. Kamrul Hasan ,CG - GULISTAN,Gulistan,0.0,0.0,0,,False
ETLCUST-03025,FAST TECH CORPORATION - MOTIJHEEL,Md. Sahedul Islam,Mr. Md. Kamrul Hasan ,CG - MOTIJHEEL,Motijheel,515000.0,0.0,1,0.0,True
ETLCUST-02832,TIME TECHNOLOGY AND NETWORK - UTTARA,Dulal Sarker,Mr. Ajit Kumar Dey ,CG - UTTARA,Uttara,0.0,0.0,0,,False
ETLCUST-03571,GLOBE OFFICE EQUIPMENT - UTTARA,Dulal Sarker,Mr. Ajit Kumar Dey ,CG - UTTARA,Uttara,0.0,0.0,0,,False
ETLCUST-04878,TOP ELECTRONICS - UTTARA,Dulal Sarker,Mr. Ajit Kumar Dey ,CG - UTTARA,Uttara,50000.0,243750.0,1,4.875,False
ETLCUST-04905,M/S SOHEL TRADERS - GAZIPUR ,Md. Rahad,Mr. Ajit Kumar Dey ,CG - GAZIPUR,Uttara,150000.0,0.0,1,0.0,True
ETLCUST-04776,TAIYBA ELECTRONICS - GAZIPUR,MD. Shipon Ali,Mr. Ajit Kumar Dey ,CG - UTTARA,Uttara,0.0,0.0,0,,False
ETLCUST-04765,A.K TELECOM - GAZIPUR,Md. Rahad,Mr. Ajit Kumar Dey ,CG - GAZIPUR,Uttara,30000.0,0.0,1,0.0,True
ETLCUST-04236,M/S JEBA ELECTRONICS - GAZIPUR,Md. Rahad,Mr. Ajit Kumar Dey ,CG - UTTARA,Uttara,0.0,0.0,0,,False
ETLCUST-04647,DESHALOY TELECOM - KURIL CHOWRASTA,Jiku Saha,Mr. Ajit Kumar Dey ,CG - UTTARA,Uttara,0.0,0.0,0,,False
ETLCUST-04421,"BISMILLAH COMPUTERS -SREEPURE, GAZIPUR",MD. Shipon Ali,Mr. Ajit Kumar Dey ,CG - GAZIPUR,Uttara,0.0,0.0,0,,False
ETLCUST-04225,TRUST COMPUTER - SYED GRAND ,Dulal Sarker,Mr. Ajit Kumar Dey ,CG - UTTARA,Uttara,500000.0,0.0,3,0.0,True
ETLCUST-04143,DARA TECHNOLOGY (BD) LTD - UTTARA,Dulal Sarker,Mr. Ajit Kumar Dey ,CG - UTTARA,Uttara,0.0,141000.0,1,,False
ETLCUST-03774,DOMINANCE IT SOLUTION - UTTARA,Dulal Sarker,Mr. Ajit Kumar Dey ,CG - UTTARA,Uttara,0.0,0.0,0,,False
ETLCUST-03917,SEBA COMPUTER ZONE - GAZIPUR,Saifullah Akndah,Mr. Ajit Kumar Dey ,CG - UTTARA,Uttara,0.0,0.0,0,,False
ETLCUST-03760,HOME ELECTRONICS AND COMPUTER - GAZIPUR,Md. Rahad,Mr. Ajit Kumar Dey ,CG - UTTARA,Uttara,20000.0,0.0,1,0.0,True
ETLCUST-03740,DIGITAL SOLUTION INC - GULSHAN,Jiku Saha,Mr. Ajit Kumar Dey ,CG - UTTARA,Uttara,0.0,0.0,0,,False
ETLCUST-03653,ALOHA ISHOPPE - GULSHAN,Jiku Saha,Mr. Ajit Kumar Dey ,CG - UTTARA,Uttara,0.0,0.0,0,,False
ETLCUST-03647,SHILPI DEPARTMENTAL STORE- GAZIPUR ,Saifullah Akndah,Mr. Ajit Kumar Dey ,CG - UTTARA,Uttara,0.0,0.0,0,,False
ETLCUST-03546,POWER IT SOURCE - UTTARA,Dulal Sarker,Mr. Ajit Kumar Dey ,CG - UTTARA,Uttara,40000.0,591130.0,7,14.77825,False
ETLCUST-03567,KHAN COMPUTER - UTTARA,Dulal Sarker,Mr. Ajit Kumar Dey ,CG - UTTARA,Uttara,0.0,0.0,0,,False
ETLCUST-03395,JB COMPUTER-GULSHAN,Jiku Saha,Mr. Ajit Kumar Dey ,CG - UTTARA,Uttara,0.0,0.0,0,,False
ETLCUST-03317,FATEMA TELECOM - GAZIPUR,MD. Shipon Ali,Mr. Ajit Kumar Dey ,CG - UTTARA,Uttara,0.0,0.0,0,,False
ETLCUST-03253,SHEBA ELECTRONICS - UTTARA,Dulal Sarker,Mr. Ajit Kumar Dey ,CG - UTTARA,Uttara,25000.0,0.0,1,0.0,True
ETLCUST-03105,D-TECH - KONABARI,MD. Shipon Ali,Mr. Ajit Kumar Dey ,CG - UTTARA,Uttara,0.0,0.0,0,,False
ETLCUST-00154,HUMAYUN TRADERS- TURAG,Dulal Sarker,Mr. Ajit Kumar Dey ,CG - UTTARA,Uttara,0.0,0.0,0,,False
ETLCUST-02902,MAISHA NET - UTTARA,Dulal Sarker,Mr. Ajit Kumar Dey ,CG - UTTARA,Uttara,0.0,0.0,0,,False
ETLCUST-02899,TECH EXPRESS -UTTARA,Dulal Sarker,Mr. Ajit Kumar Dey ,CG - UTTARA,Uttara,50000.0,0.0,1,0.0,True
ETLCUST-02849,KHAN ELECTRONICS -GAZIPUR,Saifullah Akndah,Mr. Ajit Kumar Dey ,CG - UTTARA,Uttara,0.0,0.0,0,,False
ETLCUST-02759,SKY NET ONLINE BD - DHAKA,Dulal Sarker,Mr. Ajit Kumar Dey ,CG - UTTARA,Uttara,0.0,0.0,0,,False
ETLCUST-02623,DIGITAL COMPUTER SERVICE - UTTARA,Dulal Sarker,Mr. Ajit Kumar Dey ,CG - UTTARA,Uttara,0.0,0.0,0,,False
ETLCUST-01447,P.N NETCONNECT - GAZIPUR,MD. Shipon Ali,Mr. Ajit Kumar Dey ,CG - UTTARA,Uttara,5000.0,0.0,1,0.0,True
ETLCUST-01434,HOLYSKY TECH SOLUTION - TONGI,Saifullah Akndah,Mr. Ajit Kumar Dey ,CG - UTTARA,Uttara,0.0,0.0,0,,False
ETLCUST-01388,QUALITY IT SMART SECURITY - GAZIPUR,Md. Rahad,Mr. Ajit Kumar Dey ,CG - UTTARA,Uttara,0.0,0.0,0,,False
ETLCUST-01387,JR ELECTRONICS - GAZIPUR,Md. Rahad,Mr. Ajit Kumar Dey ,CG - UTTARA,Uttara,0.0,0.0,0,,False
ETLCUST-01386,RANGDHANU ELECTRONICS GALLERY - GAZIPUR,Saifullah Akndah,Mr. Ajit Kumar Dey ,CG - UTTARA,Uttara,0.0,0.0,0,,False
ETLCUST-01385,BISMILLAH COMPUTER - TONGI,Saifullah Akndah,Mr. Ajit Kumar Dey ,CG - UTTARA,Uttara,0.0,0.0,0,,False
ETLCUST-00324,MILLENNIUM SOLUTION - BARIDHARA,Jiku Saha,Mr. Ajit Kumar Dey ,CG - UTTARA,Uttara,0.0,0.0,0,,False
ETLCUST-00323,M.R. ELECTRONICS - KHILKHET,Jiku Saha,Mr. Ajit Kumar Dey ,CG - UTTARA,Uttara,0.0,0.0,0,,False
ETLCUST-00150,H A COMPUTER - UTTARA,Dulal Sarker,Mr. Ajit Kumar Dey ,CG - UTTARA,Uttara,0.0,0.0,0,,False
ETLCUST-00148,SOUTHTECH SYSTEMS LIMITED - UTTARA,Dulal Sarker,Mr. Ajit Kumar Dey ,CG - UTTARA,Uttara,0.0,0.0,0,,False
ETLCUST-00100,A AND M IT SOLUTION - UTTARA,Dulal Sarker,Mr. Ajit Kumar Dey ,CG - UTTARA,Uttara,0.0,0.0,0,,False
ETLCUST-00098,GENIUS ICT SOURCE - UTTARA,Dulal Sarker,Mr. Ajit Kumar Dey ,CG - UTTARA,Uttara,0.0,45800.0,1,,False
ETLCUST-00097,BISMILLAH MOBILE MART - UTTARA,Dulal Sarker,Mr. Ajit Kumar Dey ,CG - UTTARA,Uttara,0.0,0.0,0,,False
ETLCUST-00096,MICROTECH COMPUTER - UTTARA,Dulal Sarker,Mr. Ajit Kumar Dey ,CG - UTTARA,Uttara,0.0,0.0,0,,False
ETLCUST-00095,SOLACE INNOVATIONS - UTTARA,Dulal Sarker,Mr. Ajit Kumar Dey ,CG - UTTARA,Uttara,0.0,0.0,0,,False
ETLCUST-01875,EPSON BAZAR - PALTAN,Md. Akram Rashid,Mr. Md. Kamrul Hasan ,CG - MOTIJHEEL,Motijheel,11200.0,0.0,1,0.0,True
ETLCUST-01425,SHISHIR MOTORS AND ELECTRONIC - KONABARI,MD. Shipon Ali,Mr. Ajit Kumar Dey ,CG - UTTARA,Uttara,870000.0,285135.0,4,0.3277413793103448,False
ETLCUST-00948,SAMIA ELECTRONICS - GULISTAN,Noor Hossain,Mr. Md. Kamrul Hasan ,CG - GULISTAN,Gulistan,0.0,0.0,0,,False
ETLCUST-00156,FAST TECH PRODUCT - UTTARA,Dulal Sarker,Mr. Ajit Kumar Dey ,CG - UTTARA,Uttara,210000.0,28325.0,3,0.13488095238095238,False
ETLCUST-00343,TUHIN ENTERPRISE - KHILKHET,Jiku Saha,Mr. Ajit Kumar Dey ,CG - UTTARA,Uttara,15000.0,0.0,1,0.0,True
ETLCUST-00109,A.M COMPUTER - UTTARA,Dulal Sarker,Mr. Ajit Kumar Dey ,CG - UTTARA,Uttara,5000.0,15000.0,2,3.0,False
ETLCUST-03914,COMPUTER MART - KERANIGANJ,Noor Hossain,Mr. Md. Kamrul Hasan ,CG - GULISTAN,Gulistan,1200000.0,608515.0,4,0.5070958333333333,False
ETLCUST-01577,SULAIMAN ELECTRIC - GULISTAN,Shamim Hossain,Mr. Md. Kamrul Hasan ,CG - GULISTAN,Gulistan,0.0,0.0,0,,False
ETLCUST-05176,J.B IT-MOTIJHEEL,Zakir Hossain,Mr. Md. Kamrul Hasan ,CG - MOTIJHEEL,Motijheel,0.0,0.0,0,,False
ETLCUST-01413,RIPON CAMERA WORLD AND COMPUTER - GAZIPUR,Md. Rahad,Mr. Ajit Kumar Dey ,CG - UTTARA,Uttara,550000.0,520720.0,7,0.9467636363636364,False
ETLCUST-04130,RANA ELECTRONICS - B. MUKARRAM,Md. Sahedul Islam,Mr. Md. Kamrul Hasan ,CG - MOTIJHEEL,Motijheel,750000.0,65040.0,4,0.08672,False
ETLCUST-00121,MEGA SPEED NET - UTTARA,Dulal Sarker,Mr. Ajit Kumar Dey ,CG - UTTARA,Uttara,0.0,0.0,0,,False
ETLCUST-00958,NEW BAKSHI ELECTRONICS - GULISTAN,Noor Hossain,Mr. Md. Kamrul Hasan ,CG - GULISTAN,Gulistan,1250000.0,204850.0,3,0.16388,False
ETLCUST-01586,SARKER ELECTRONICS - GULISTAN,Shamim Hossain,Mr. Md. Kamrul Hasan ,CG - GULISTAN,Gulistan,1500000.0,362600.0,1,0.24173333333333333,False
ETLCUST-01576,USHA ENTERPRISE - GULISTAN,Shamim Hossain,Mr. Md. Kamrul Hasan ,CG - GULISTAN,Gulistan,0.0,0.0,0,,False
ETLCUST-00145,S.B. ELECTRONICS - UTTARA,Dulal Sarker,Mr. Ajit Kumar Dey ,CG - UTTARA,Uttara,0.0,0.0,0,,False
ETLCUST-01670,INFINITY TECHNOLOGY - PALTAN,Md. Sahedul Islam,Mr. Md. Kamrul Hasan ,CG - MOTIJHEEL,Motijheel,100000.0,164500.0,3,1.645,False
ETLCUST-04220,THIRD EYE ELECTRONICS - B. MUKARRAM,Md. Sahedul Islam,Mr. Md. Kamrul Hasan ,CG - MOTIJHEEL,Motijheel,0.0,0.0,0,,False
ETLCUST-01872,MOLLAH TRADERS - PALTAN,Md. Akram Rashid,Mr. Md. Kamrul Hasan ,CG - MOTIJHEEL,Motijheel,0.0,0.0,0,,False
ETLCUST-00155,XTREME - UTTARA,Dulal Sarker,Mr. Ajit Kumar Dey ,CG - UTTARA,Uttara,0.0,0.0,0,,False
ETLCUST-01215,NAHAR ENTERPRISE - STADIUM,Noor Hossain,Mr. Md. Kamrul Hasan ,CG - GULISTAN,Gulistan,0.0,0.0,0,,False
ETLCUST-00126,ALTER COMPUTER - UTTARA,Dulal Sarker,Mr. Ajit Kumar Dey ,CG - UTTARA,Uttara,53306.0,0.0,2,0.0,True
ETLCUST-03065,LAPTOP CARE AND TECHNOLOGY - GAZIPUR,Md. Rahad,Mr. Ajit Kumar Dey ,CG - UTTARA,Uttara,730000.0,374045.0,8,0.5123904109589041,False
ETLCUST-04829,RAFIN TELECOM - GULISTAN,Md Kamrul Hasan Sabuz,Mr. Md. Kamrul Hasan ,CG - GULISTAN,Gulistan,1500000.0,557300.0,1,0.3715333333333333,False
ETLCUST-04602,REVOLUTION TECHNOLOGY BD - MOTIJHEEL,Zakir Hossain,Mr. Md. Kamrul Hasan ,CG - MOTIJHEEL,Motijheel,700000.0,628500.0,2,0.8978571428571429,False
ETLCUST-01214,NEW INTEGRA COMPUTERS AND ELECTRONICS - PALTAN,Md. Sahedul Islam,Mr. Md. Kamrul Hasan ,CG - MOTIJHEEL,Motijheel,0.0,0.0,0,,False
ETLCUST-03657,MAKKA ELECTRONICS - GULISTAN,Noor Hossain,Mr. Md. Kamrul Hasan ,CG - GULISTAN,Gulistan,50000.0,0.0,1,0.0,True
ETLCUST-04800,AL MODINA ELECTRONICS - GAZIPUR,MD. Shipon Ali,Mr. Ajit Kumar Dey ,CG - GAZIPUR,Uttara,0.0,0.0,0,,False
ETLCUST-05010,IT-WALA - MOTIJHEEL,Zakir Hossain,Mr. Md. Kamrul Hasan ,CG - MOTIJHEEL,Motijheel,100000.0,110300.0,4,1.103,False
ETLCUST-01868,H. B. COMPUTER - DILKUSHA,Md. Sahedul Islam,Mr. Md. Kamrul Hasan ,CG - MOTIJHEEL,Motijheel,1000000.0,0.0,1,0.0,True
ETLCUST-02878,AMANA INTERNATIONAL PVT LTD - UTTARA,Dulal Sarker,Mr. Ajit Kumar Dey ,CG - UTTARA,Uttara,897000.0,163400.0,5,0.18216276477146043,False
ETLCUST-05141,MAYA ELECTRONICS - GULISTAN,Shamim Hossain,Mr. Md. Kamrul Hasan ,CG - GULISTAN,Gulistan,500000.0,0.0,1,0.0,True
ETLCUST-04495,ASIA SYSTEM - PURANA PALTAN,Md. Sahedul Islam,Mr. Md. Kamrul Hasan ,CG - MOTIJHEEL,Motijheel,200000.0,0.0,1,0.0,True
ETLCUST-04218,CASH CUSTOMER - AKRAM RASHID,Md. Akram Rashid,Mr. Md. Kamrul Hasan ,CG - MOTIJHEEL,Motijheel,500000.0,37000.0,3,0.074,False
ETLCUST-04102,EXTREME SECURITY & SOLUTION - GULISTAN,Noor Hossain,Mr. Md. Kamrul Hasan ,CG - GULISTAN,Gulistan,1300000.0,649000.0,1,0.49923076923076926,False
ETLCUST-03295,AL-MODINA COMPUTERS - GULISTAN,Shamim Hossain,Mr. Md. Kamrul Hasan ,CG - GULISTAN,Gulistan,0.0,661350.0,1,,False
ETLCUST-00114,POWER SOLUTION - UTTARA,Dulal Sarker,Mr. Ajit Kumar Dey ,CG - UTTARA,Uttara,25000.0,0.0,1,0.0,True
ETLCUST-01877,MULTI PURPOSE TECHNOLOGY - MOTIJHEEL,Zakir Hossain,Mr. Md. Kamrul Hasan ,CG - MOTIJHEEL,Motijheel,0.0,575560.0,3,,False
ETLCUST-04394,R.M. ENTERPRISE - MOTIJHEEL,Md. Akram Rashid,Mr. Md. Kamrul Hasan ,CG - MOTIJHEEL,Motijheel,350000.0,786240.0,3,2.2464,False
ETLCUST-02755,FOUR STAR IT - GULSHAN,Jiku Saha,Mr. Ajit Kumar Dey ,CG - UTTARA,Uttara,0.0,0.0,0,,False
ETLCUST-03007,BARAKAH ELECTRONICS - MOTIJHEEL,Md. Sahedul Islam,Mr. Md. Kamrul Hasan ,CG - MOTIJHEEL,Motijheel,300000.0,0.0,1,0.0,True
ETLCUST-01887,SOLUTION - MOTIJHEEL,Zakir Hossain,Mr. Md. Kamrul Hasan ,CG - MOTIJHEEL,Motijheel,1300000.0,0.0,1,0.0,True
ETLCUST-05087,PURE POWER ELECTRIC & ELECTRONICES - NAWABPUR,Md Kamrul Hasan Sabuz,Mr. Md. Kamrul Hasan ,CG - GULISTAN,Gulistan,500000.0,604200.0,1,1.2084,False
ETLCUST-04224,ANR TECHNOLOGIES - MOTIJHEEL,Zakir Hossain,Mr. Md. Kamrul Hasan ,CG - MOTIJHEEL,Motijheel,170000.0,0.0,3,0.0,True
ETLCUST-01206,EFTIA COMPUTER AND SERVICING - E.PLUS,Md. Sahedul Islam,Mr. Md. Kamrul Hasan ,CG - MOTIJHEEL,Motijheel,0.0,0.0,0,,False
ETLCUST-00470,NIROB ELECTRONICS - GULISTAN,Md Kamrul Hasan Sabuz,Mr. Md. Kamrul Hasan ,CG - GULISTAN,Gulistan,500000.0,86400.0,1,0.1728,False
ETLCUST-01874,LIKE COMPUTER - MOTIJHEEL,Md. Sahedul Islam,Mr. Md. Kamrul Hasan ,CG - MOTIJHEEL,Motijheel,127900.0,0.0,2,0.0,True
ETLCUST-00110,IT CORNER - HM PLAZA,Dulal Sarker,Mr. Ajit Kumar Dey ,CG - UTTARA,Uttara,8000.0,48500.0,3,6.0625,False
ETLCUST-03398,STREAM SOLUTION - PURBACHAL ROAD,Jiku Saha,Mr. Ajit Kumar Dey ,CG - UTTARA,Uttara,100000.0,22000.0,2,0.22,False
ETLCUST-00477,AKOTA ELECTRONICS - GULISTAN,Md Kamrul Hasan Sabuz,Mr. Md. Kamrul Hasan ,CG - GULISTAN,Gulistan,400000.0,0.0,1,0.0,True
ETLCUST-01882,MAHMUDA TRADING INTERNATIONAL - PALTAN,Md. Akram Rashid,Mr. Md. Kamrul Hasan ,CG - MOTIJHEEL,Motijheel,0.0,0.0,0,,False
ETLCUST-00949,LIZA ENTERPRISE - GULISTAN,Noor Hossain,Mr. Md. Kamrul Hasan ,CG - GULISTAN,Gulistan,0.0,0.0,0,,False
ETLCUST-03204,ISLAM COMPUTER - GAZIPUR ,Md. Rahad,Mr. Ajit Kumar Dey ,CG - UTTARA,Uttara,100000.0,20500.0,2,0.205,False
ETLCUST-02871,TECH VILLAGE - UTTARA,Dulal Sarker,Mr. Ajit Kumar Dey ,CG - UTTARA,Uttara,100000.0,0.0,1,0.0,True
ETLCUST-00130,INTEGRATED COMPUTER ANDCOMMUNICATIONS LTD - UTTARA,Dulal Sarker,Mr. Ajit Kumar Dey ,CG - UTTARA,Uttara,975020.0,364000.0,4,0.3733256753707616,False
ETLCUST-03125,SHAZANA TELECOM - GULISTAN,Shamim Hossain,Mr. Md. Kamrul Hasan ,CG - GULISTAN,Gulistan,1000000.0,0.0,1,0.0,True
ETLCUST-03514,FAHIM COMPUTER - UTTARA,Dulal Sarker,Mr. Ajit Kumar Dey ,CG - UTTARA,Uttara,70000.0,97500.0,1,1.3928571428571428,False
ETLCUST-00476,MAYER DOA ELECTRONICS - GULISTAN,Md Kamrul Hasan Sabuz,Mr. Md. Kamrul Hasan ,CG - GULISTAN,Gulistan,500000.0,83000.0,1,0.166,False
ETLCUST-03424,REYAN AND ANIK ELECTRIC - NAWABPUR,Md Kamrul Hasan Sabuz,Mr. Md. Kamrul Hasan ,CG - GULISTAN,Gulistan,0.0,0.0,0,,False
ETLCUST-01244,GATEWAY TECHNOLOGY - KAMALAPUR,Md. Sahedul Islam,Mr. Md. Kamrul Hasan ,CG - MOTIJHEEL,Motijheel,0.0,0.0,0,,False
ETLCUST-00935,NOHA ELECTRIC AND ELECTRONICS - GULISTAN,Noor Hossain,Mr. Md. Kamrul Hasan ,CG - GULISTAN,Gulistan,0.0,0.0,0,,False
ETLCUST-00379,BBC MEDIA ACTION,Jiku Saha,Mr. Ajit Kumar Dey ,CG - UTTARA,Uttara,0.0,0.0,0,,False
ETLCUST-00385,ADVANCED DATA NETWORKS SYSTEM LTD.,Jiku Saha,Mr. Ajit Kumar Dey ,CG - UTTARA,Uttara,0.0,0.0,0,,False
ETLCUST-04479,SOWAD TELECOM - GULSHAN,Jiku Saha,Mr. Ajit Kumar Dey ,CG - UTTARA,Uttara,0.0,0.0,0,,False
ETLCUST-00382,AZIZ . NET,Jiku Saha,Mr. Ajit Kumar Dey ,CG - UTTARA,Uttara,0.0,0.0,0,,False
ETLCUST-01399,QUALITY SMART SECURITY - GAZIPUR,Md. Rahad,Mr. Ajit Kumar Dey ,CG - UTTARA,Uttara,0.0,0.0,0,,False
ETLCUST-01858,SUN ONLINE - JURAIN,Md. Akram Rashid,Mr. Md. Kamrul Hasan ,CG - MOTIJHEEL,Motijheel,0.0,0.0,0,,False
ETLCUST-01390,IT VISION - GAZIPUR,MD. Shipon Ali,Mr. Ajit Kumar Dey ,CG - UTTARA,Uttara,0.0,0.0,0,,False
ETLCUST-01889,MAHI IT SOLUTION - MOTIJHEEL,Md. Sahedul Islam,Mr. Md. Kamrul Hasan ,CG - MOTIJHEEL,Motijheel,0.0,0.0,0,,False
ETLCUST-04785,SUJOY ELECTRIC - KALIAKOIR,MD. Shipon Ali,Mr. Ajit Kumar Dey ,CG - GAZIPUR,Uttara,0.0,0.0,0,,False
ETLCUST-04985,M M COMPUTERS - GULSHAN,Jiku Saha,Mr. Ajit Kumar Dey ,CG - UTTARA,Uttara,168000.0,1823475.0,4,10.854017857142857,False
ETLCUST-00335,TECH POINT SYSTEMS - J F PARK,Jiku Saha,Mr. Ajit Kumar Dey ,CG - UTTARA,Uttara,0.0,0.0,0,,False
ETLCUST-04546,BHUIYAN ELECTRONICS - GULISTAN,Noor Hossain,Mr. Md. Kamrul Hasan ,CG - GULISTAN,Gulistan,0.0,0.0,0,,False
ETLCUST-00088,LIANG COMPUTER AND ELECTRONIC - UTTARA,Dulal Sarker,Mr. Ajit Kumar Dey ,CG - UTTARA,Uttara,0.0,0.0,0,,False
ETLCUST-01445,GOLDEN TIMES SWETER AND DYEING LTD.,Saifullah Akndah,Mr. Ajit Kumar Dey ,CG - UTTARA,Uttara,0.0,0.0,0,,False
ETLCUST-01391,NN COMPUTER BD - UTTARA,Dulal Sarker,Mr. Ajit Kumar Dey ,CG - UTTARA,Uttara,0.0,0.0,0,,False
ETLCUST-01401,KHAN WATCH AND ELECTRONICS - UTTARA,Dulal Sarker,Mr. Ajit Kumar Dey ,CG - UTTARA,Uttara,0.0,0.0,0,,False
ETLCUST-04906,M/S NABIL BUSINESS POINT-MOTIJHEEL,Zakir Hossain,Mr. Md. Kamrul Hasan ,CG - MOTIJHEEL,Motijheel,150000.0,70400.0,2,0.4693333333333333,False
ETLCUST-04335,ZAKIR ELECTRONICS - STADIUM SUPER MARKET,Zakir Hossain,Mr. Md. Kamrul Hasan ,CG - MOTIJHEEL,Motijheel,0.0,0.0,0,,False
ETLCUST-01591,SIXTHSENSE MARKETING LTD - NAYA PALTAN,Shamim Hossain,Mr. Md. Kamrul Hasan ,CG - GULISTAN,Gulistan,0.0,0.0,0,,False
ETLCUST-00482,AKHI TIMES ELECTRIC AND ELECTRONICS - NAWABPUR,Md Kamrul Hasan Sabuz,Mr. Md. Kamrul Hasan ,CG - GULISTAN,Gulistan,0.0,0.0,0,,False
ETLCUST-00102,BINARY GADGET - UTTARA,Dulal Sarker,Mr. Ajit Kumar Dey ,CG - UTTARA,Uttara,0.0,0.0,0,,False
ETLCUST-01668,DIGI-MARK SOLUTION - FAKIRAPOOL,Zakir Hossain,Mr. Md. Kamrul Hasan ,CG - MOTIJHEEL,Motijheel,0.0,0.0,0,,False
ETLCUST-00103,HEEPE TECHNOLOGIES - UTTARA,Dulal Sarker,Mr. Ajit Kumar Dey ,CG - UTTARA,Uttara,0.0,0.0,0,,False
ETLCUST-04738,KRN SOLUTION - MOTIJHEEL,Zakir Hossain,Mr. Md. Kamrul Hasan ,CG - MOTIJHEEL,Motijheel,287000.0,165300.0,2,0.5759581881533101,False
ETLCUST-00330,S. O. F.- BANANI,Jiku Saha,Mr. Ajit Kumar Dey ,CG - UTTARA,Uttara,0.0,0.0,0,,False
ETLCUST-03541,AR FIRST SECURITY - GULISTAN ,Noor Hossain,Mr. Md. Kamrul Hasan ,CG - GULISTAN,Gulistan,0.0,0.0,0,,False
ETLCUST-04319,R.E.TRADE INTERNATIONAL- MOTIJHEEL,Zakir Hossain,Mr. Md. Kamrul Hasan ,CG - MOTIJHEEL,Motijheel,76320.0,0.0,1,0.0,True
ETLCUST-01400,TRACE TECHNOLOGY - UTTARA,Dulal Sarker,Mr. Ajit Kumar Dey ,CG - UTTARA,Uttara,0.0,0.0,0,,False
ETLCUST-01397,ZAMAN TRADE INTERNATIONAL - GULSHAN,Jiku Saha,Mr. Ajit Kumar Dey ,CG - UTTARA,Uttara,0.0,0.0,0,,False
ETLCUST-03281,ANNEX INTERNATIONAL - BANANI,Jiku Saha,Mr. Ajit Kumar Dey ,CG - UTTARA,Uttara,0.0,0.0,0,,False
ETLCUST-01444,IT SOURCE - GAZIPUR,Md. Rahad,Mr. Ajit Kumar Dey ,CG - UTTARA,Uttara,0.0,12800.0,1,,False
ETLCUST-00336,MOBILE MUSEUM,Jiku Saha,Mr. Ajit Kumar Dey ,CG - UTTARA,Uttara,0.0,0.0,0,,False
ETLCUST-00158,IT SOLUTION - UTTARA,Dulal Sarker,Mr. Ajit Kumar Dey ,CG - UTTARA,Uttara,0.0,0.0,0,,False
ETLCUST-00104,ASIA NET ONLINE SERVICE,Dulal Sarker,Mr. Ajit Kumar Dey ,CG - UTTARA,Uttara,0.0,0.0,0,,False
ETLCUST-00381,BANGLADESH ARCHERY FEDERATION,Jiku Saha,Mr. Ajit Kumar Dey ,CG - UTTARA,Uttara,0.0,0.0,0,,False
ETLCUST-00329,FATEMA ELECTRONICS - KHILKHET,Jiku Saha,Mr. Ajit Kumar Dey ,CG - UTTARA,Uttara,0.0,0.0,0,,False
ETLCUST-01443,TECH DEVICE,Dulal Sarker,Mr. Ajit Kumar Dey ,CG - UTTARA,Uttara,0.0,0.0,0,,False
ETLCUST-03878,J.M TECHNOLOGY-UTTARA,Dulal Sarker,Mr. Ajit Kumar Dey ,CG - UTTARA,Uttara,0.0,0.0,0,,False
ETLCUST-00332,PROVENANCE - RAMPURA,Jiku Saha,Mr. Ajit Kumar Dey ,CG - UTTARA,Uttara,0.0,0.0,0,,False
ETLCUST-01568,ARKAY ELECTRONICS - GULISTAN,Shamim Hossain,Mr. Md. Kamrul Hasan ,CG - GULISTAN,Gulistan,0.0,0.0,0,,False
ETLCUST-00483,ABUL HASHEM ELECTRONICS - GULISTAN,Md Kamrul Hasan Sabuz,Mr. Md. Kamrul Hasan ,CG - GULISTAN,Gulistan,0.0,0.0,0,,False
ETLCUST-01402,LOGITECH COMPUTERS - JFP,Jiku Saha,Mr. Ajit Kumar Dey ,CG - UTTARA,Uttara,0.0,0.0,0,,False
ETLCUST-01859,IT SOUL INTERNATIONAL - MOTIJHEEL,Md. Akram Rashid,Mr. Md. Kamrul Hasan ,CG - MOTIJHEEL,Motijheel,0.0,0.0,0,,False
ETLCUST-04690,MARIAM COMPUTER - GULISTAN,Noor Hossain,Mr. Md. Kamrul Hasan ,CG - GULISTAN,Gulistan,0.0,0.0,0,,False
ETLCUST-03642,MOTTO - PALTAN,Md. Sahedul Islam,Mr. Md. Kamrul Hasan ,CG - MOTIJHEEL,Motijheel,0.0,0.0,0,,False
ETLCUST-00458,PRINCE TELECOM - GULISTAN,Md Kamrul Hasan Sabuz,Mr. Md. Kamrul Hasan ,CG - GULISTAN,Gulistan,0.0,0.0,0,,False
ETLCUST-01230,PIANO MUSICAL STORE - DHANMONDI,Md. Sahedul Islam,Mr. Md. Kamrul Hasan ,CG - MOTIJHEEL,Motijheel,0.0,0.0,0,,False
ETLCUST-02981,CASH CUSTOMER - MD SHA AMIRUL ISLAM,Md Sha Amirul Islam,Mr. Md. Kamrul Hasan ,CG - GULISTAN,Gulistan,100000.0,0.0,1,0.0,True
ETLCUST-01917,NUAAZ ENTERPRISE - DHAKA,Md Kamrul Hasan Sabuz,Mr. Md. Kamrul Hasan ,CG - GULISTAN,Gulistan,0.0,0.0,0,,False
ETLCUST-00461,SWAPAN ELECTRONICS - GULISTAN,Md Kamrul Hasan Sabuz,Mr. Md. Kamrul Hasan ,CG - GULISTAN,Gulistan,0.0,0.0,0,,False
ETLCUST-01392,BOKSH CCTV SERVICES - TONGI,Saifullah Akndah,Mr. Ajit Kumar Dey ,CG - UTTARA,Uttara,0.0,0.0,0,,False
ETLCUST-00376,GMG AIRLINES,Jiku Saha,Mr. Ajit Kumar Dey ,CG - UTTARA,Uttara,0.0,0.0,0,,False
ETLCUST-02980,CASH CUSROMER - KAMRUL HASAN SABUZ,Md Kamrul Hasan Sabuz,Mr. Md. Kamrul Hasan ,CG - GULISTAN,Gulistan,150000.0,0.0,1,0.0,True
ETLCUST-01861,DIGITAL BAZAR - PALTAN,Md. Akram Rashid,Mr. Md. Kamrul Hasan ,CG - MOTIJHEEL,Motijheel,0.0,0.0,0,,False
ETLCUST-00378,CONNECT BD LTD,Jiku Saha,Mr. Ajit Kumar Dey ,CG - UTTARA,Uttara,0.0,0.0,0,,False
ETLCUST-01228,WIN MAX CONTROL - TIKATULI,Md. Sahedul Islam,Mr. Md. Kamrul Hasan ,CG - MOTIJHEEL,Motijheel,0.0,0.0,0,,False
ETLCUST-00372,SIAM IT - BANANI,Jiku Saha,Mr. Ajit Kumar Dey ,CG - UTTARA,Uttara,0.0,0.0,0,,False
ETLCUST-01226,H.A. MACHINERY - CHOWK BAZAR,Md. Sahedul Islam,Mr. Md. Kamrul Hasan ,CG - MOTIJHEEL,Motijheel,0.0,0.0,0,,False
ETLCUST-00325,F. K. FRIEND COMPUTER - DAKSHINKHAN,Jiku Saha,Mr. Ajit Kumar Dey ,CG - UTTARA,Uttara,0.0,0.0,0,,False
ETLCUST-00333,DREAMERS IT - UTTARA,Jiku Saha,Mr. Ajit Kumar Dey ,CG - UTTARA,Uttara,0.0,0.0,0,,False
ETLCUST-00375,JNS EMPIRE TECHNOLOGIES - AZAMPUR,Jiku Saha,Mr. Ajit Kumar Dey ,CG - UTTARA,Uttara,0.0,0.0,0,,False
ETLCUST-04334,IT BANGLA SOLUTIONS - MOTIJHEEL ,Md. Sahedul Islam,Mr. Md. Kamrul Hasan ,CG - MOTIJHEEL,Motijheel,0.0,0.0,0,,False
ETLCUST-01224,DHAKA SAFETY INTERNATIONAL LTD - PALTAN,Md. Sahedul Islam,Mr. Md. Kamrul Hasan ,CG - MOTIJHEEL,Motijheel,0.0,0.0,0,,False
ETLCUST-00383,AMERICAN INTERNATIONAL UNIVERSITY BANGLADESH,Jiku Saha,Mr. Ajit Kumar Dey ,CG - UTTARA,Uttara,0.0,0.0,0,,False
ETLCUST-03758,JAHANS IT - TURAG,Dulal Sarker,Mr. Ajit Kumar Dey ,CG - UTTARA,Uttara,0.0,0.0,0,,False
ETLCUST-01564,AIG DISTRIBUTION AND CONSULTANCY - FAKIRAPOOL,Shamim Hossain,Mr. Md. Kamrul Hasan ,CG - GULISTAN,Gulistan,0.0,0.0,0,,False
ETLCUST-04768,SUNTECH COMPUTER - UTTARA,Dulal Sarker,Mr. Ajit Kumar Dey ,CG - UTTARA,Uttara,0.0,0.0,0,,False
ETLCUST-01227,SALWA CORPORATION - PALTAN,Md. Sahedul Islam,Mr. Md. Kamrul Hasan ,CG - MOTIJHEEL,Motijheel,0.0,0.0,0,,False
ETLCUST-03164,GLOCAL TECHNOLOGY LTD - PALTAN,Md. Akram Rashid,Mr. Md. Kamrul Hasan ,CG - MOTIJHEEL,Motijheel,0.0,0.0,0,,False
ETLCUST-01442,RENU ELECTRONIC - TONGI,Saifullah Akndah,Mr. Ajit Kumar Dey ,CG - UTTARA,Uttara,0.0,0.0,0,,False
ETLCUST-01232,BRILLIANT SYSTEMS - PALTAN,Md. Akram Rashid,Mr. Md. Kamrul Hasan ,CG - MOTIJHEEL,Motijheel,0.0,0.0,0,,False
ETLCUST-01396,G FORCE COMPUTER - UTTARA,Dulal Sarker,Mr. Ajit Kumar Dey ,CG - UTTARA,Uttara,0.0,0.0,0,,False
ETLCUST-04423,BISMILLAH COMPUTERS - SREEPUR,MD. Shipon Ali,Mr. Ajit Kumar Dey ,CG - UTTARA,Uttara,0.0,0.0,0,,False
ETLCUST-04636,EONTECH - MOTIJHEEL,Md. Sahedul Islam,Mr. Md. Kamrul Hasan ,CG - MOTIJHEEL,Motijheel,15000.0,0.0,1,0.0,True
ETLCUST-01393,SHOHA ENTERPRISE - SREEPUR,MD. Shipon Ali,Mr. Ajit Kumar Dey ,CG - UTTARA,Uttara,0.0,0.0,0,,False
ETLCUST-00467,AL-MODINA ELECTRONICS - PATUATULI,Md Kamrul Hasan Sabuz,Mr. Md. Kamrul Hasan ,CG - GULISTAN,Gulistan,0.0,0.0,0,,False
ETLCUST-00938,RATNA ELECTRONICS - NAWABPUR,Noor Hossain,Mr. Md. Kamrul Hasan ,CG - GULISTAN,Gulistan,0.0,0.0,0,,False
ETLCUST-03126,TRUST IT SOLUTION - MOTIJHEEL,Md. Akram Rashid,Mr. Md. Kamrul Hasan ,CG - MOTIJHEEL,Motijheel,0.0,182500.0,1,,False
ETLCUST-04570,A.M.N ENTERPRISE - DILKUSHA,Zakir Hossain,Mr. Md. Kamrul Hasan ,CG - MOTIJHEEL,Motijheel,0.0,0.0,0,,False
ETLCUST-00328,BUSINESS MACHINES AND EQUIPMENT - GULSHAN,Jiku Saha,Mr. Ajit Kumar Dey ,CG - UTTARA,Uttara,0.0,0.0,0,,False
ETLCUST-03547,MAA COMPUTER - FAKIRAPOOL,Md. Akram Rashid,Mr. Md. Kamrul Hasan ,CG - MOTIJHEEL,Motijheel,0.0,0.0,0,,False
ETLCUST-03099,ARTISAN TECHNOLOGY - UTTARA,Dulal Sarker,Mr. Ajit Kumar Dey ,CG - UTTARA,Uttara,0.0,0.0,0,,False
ETLCUST-00936,NEW S.K. ENTERPRISE - GULISTAN,Shamim Hossain,Mr. Md. Kamrul Hasan ,CG - GULISTAN,Gulistan,0.0,0.0,0,,False
ETLCUST-00377,DESHBANDHU GROUP,Jiku Saha,Mr. Ajit Kumar Dey ,CG - UTTARA,Uttara,0.0,0.0,0,,False
ETLCUST-04268,TECHSOLVE - UTTARA,Dulal Sarker,Mr. Ajit Kumar Dey ,CG - UTTARA,Uttara,0.0,0.0,0,,False
ETLCUST-03606,EASHA CONSTRUCTION - GULSHAN,Jiku Saha,Mr. Ajit Kumar Dey ,CG - UTTARA,Uttara,0.0,0.0,0,,False
ETLCUST-01231,HORIZON AND ASSOCIATES,Md. Sahedul Islam,Mr. Md. Kamrul Hasan ,CG - MOTIJHEEL,Motijheel,0.0,0.0,0,,False
ETLCUST-04318,INTIMACY COMPUTER & SOLUTION - MOTIJHEEL,Zakir Hossain,Mr. Md. Kamrul Hasan ,CG - MOTIJHEEL,Motijheel,0.0,0.0,0,,False
ETLCUST-04637,S S ENTERPRISE - GAZIPUR,Biplop Kumar,Mr. Ajit Kumar Dey ,CG - UTTARA,Uttara,0.0,0.0,0,,False
ETLCUST-00331,COMPUTER STORE BD - GULSHAN,Jiku Saha,Mr. Ajit Kumar Dey ,CG - UTTARA,Uttara,0.0,0.0,0,,False
ETLCUST-03886,ENSIGN TECHNOLOGIES LIMITED - FAKIRAPOOL,Md. Akram Rashid,Mr. Md. Kamrul Hasan ,CG - MOTIJHEEL,Motijheel,0.0,0.0,0,,False
ETLCUST-00337,COMPUTER PATHOLOGY - UTTARA,Jiku Saha,Mr. Ajit Kumar Dey ,CG - UTTARA,Uttara,0.0,0.0,0,,False
ETLCUST-00460,H. RAHMAN AND CO. - STADIUM,Md Kamrul Hasan Sabuz,Mr. Md. Kamrul Hasan ,CG - GULISTAN,Gulistan,0.0,0.0,0,,False
ETLCUST-03376,DIGITAL ENTERPRISE - MOULVIBAZAR,Shamim Hossain,Mr. Md. Kamrul Hasan ,CG - GULISTAN,Gulistan,0.0,0.0,0,,False
ETLCUST-02829,SOFTYPI TECHNOLOGY - KURIL,Jiku Saha,Mr. Ajit Kumar Dey ,CG - UTTARA,Uttara,0.0,0.0,0,,False
ETLCUST-01225,KHAN ELECTRONICS - GULISTAN,Md. Sahedul Islam,Mr. Md. Kamrul Hasan ,CG - MOTIJHEEL,Motijheel,0.0,0.0,0,,False
ETLCUST-01223,G.S ENTERPRISE - PALTAN,Md. Sahedul Islam,Mr. Md. Kamrul Hasan ,CG - MOTIJHEEL,Motijheel,0.0,0.0,0,,False
ETLCUST-00157,3G MOBILE TECHNOLOGY - UTTARA,Dulal Sarker,Mr. Ajit Kumar Dey ,CG - UTTARA,Uttara,0.0,0.0,0,,False
ETLCUST-04111,NETLINK COMPUTERS - MOTIJHEEL,Md. Sahedul Islam,Mr. Md. Kamrul Hasan ,CG - MOTIJHEEL,Motijheel,0.0,0.0,0,,False
ETLCUST-00380,BANGLALION COMMUNICATION LTD,Jiku Saha,Mr. Ajit Kumar Dey ,CG - UTTARA,Uttara,0.0,0.0,0,,False
ETLCUST-01862,STATE UNIVERSITY OF BANGLADESH,Zakir Hossain,Mr. Md. Kamrul Hasan ,CG - MOTIJHEEL,Motijheel,0.0,0.0,0,,False
ETLCUST-01201,SHAHNOOR ELECTRONICS - MOTIJHEEL,Md. Sahedul Islam,Mr. Md. Kamrul Hasan ,CG - MOTIJHEEL,Motijheel,0.0,0.0,0,,False
ETLCUST-04922,M/S ZAKIR ELECTRONICS - GAZIPUR,MD. Shipon Ali,Mr. Ajit Kumar Dey ,CG - UTTARA,Uttara,0.0,0.0,0,,False
ETLCUST-04641,SARGAM ELECTONICS - STADIUM MARKET,Md. Sahedul Islam,Mr. Md. Kamrul Hasan ,CG - MOTIJHEEL,Motijheel,0.0,0.0,0,,False
ETLCUST-01398,NEW BUSINESS ASIA - TONGI,Saifullah Akndah,Mr. Ajit Kumar Dey ,CG - UTTARA,Uttara,0.0,0.0,0,,False
ETLCUST-01229,SKY COMPUTER - PALTAN,Md. Sahedul Islam,Mr. Md. Kamrul Hasan ,CG - MOTIJHEEL,Motijheel,0.0,0.0,0,,False
ETLCUST-00089,CRYSTAL MARTIN APPAREL BD.LIMITED,Dulal Sarker,Mr. Ajit Kumar Dey ,CG - UTTARA,Uttara,0.0,0.0,0,,False
ETLCUST-01885,RELIANCE TECHNOLOGY - SHANTINAGAR,Md. Akram Rashid,Mr. Md. Kamrul Hasan ,CG - MOTIJHEEL,Motijheel,0.0,0.0,0,,False
ETLCUST-01815,SUR WATCH CO - PATUATULLY,Tulshi Kumar Saha,Mr. Md. Kamrul Hasan ,CG - GULISTAN,Gulistan,0.0,0.0,0,,False
ETLCUST-01394,LAPTOP BD - UTTARA,Dulal Sarker,Mr. Ajit Kumar Dey ,CG - UTTARA,Uttara,0.0,0.0,0,,False
ETLCUST-01441,JNG TRADING - CHANDARA,MD. Shipon Ali,Mr. Ajit Kumar Dey ,CG - UTTARA,Uttara,0.0,0.0,0,,False
ETLCUST-04503,FNA COMPUTER - STADIUM MARKET,Md. Sahedul Islam,Mr. Md. Kamrul Hasan ,CG - MOTIJHEEL,Motijheel,0.0,0.0,0,,False
ETLCUST-01436,KHAN ENTERPRISE - GAZIPUR,MD. Shipon Ali,Mr. Ajit Kumar Dey ,CG - UTTARA,Uttara,0.0,0.0,0,,False
ETLCUST-00384,ADVENT TECHNOLOGY,Jiku Saha,Mr. Ajit Kumar Dey ,CG - UTTARA,Uttara,0.0,0.0,0,,False
ETLCUST-00334,S.B COMPUTERS,Jiku Saha,Mr. Ajit Kumar Dey ,CG - UTTARA,Uttara,0.0,0.0,0,,False
ETLCUST-04445,MULTI BUSINESS AND IT SOLUTION - PALTAN,Zakir Hossain,Mr. Md. Kamrul Hasan ,CG - MOTIJHEEL,Motijheel,0.0,70900.0,1,,False
ETLCUST-03773,SEBA COMPUTER - UTTARA,Dulal Sarker,Mr. Ajit Kumar Dey ,CG - UTTARA,Uttara,0.0,0.0,0,,False
ETLCUST-04193,SIMPEX CORPORATION - PALTAN,Md. Akram Rashid,Mr. Md. Kamrul Hasan ,CG - MOTIJHEEL,Motijheel,0.0,0.0,0,,False
ETLCUST-02601,JALAL ENTERPRISE - DHAKA,Shamim Hossain,Mr. Md. Kamrul Hasan ,CG - GULISTAN,Gulistan,0.0,0.0,0,,False
ETLCUST-04370,J A TRADERS - MOTIJHEEL,Zakir Hossain,Mr. Md. Kamrul Hasan ,CG - MOTIJHEEL,Motijheel,0.0,0.0,0,,False
ETLCUST-01587,ANWAR ELECTRONICS AND COMPUTER WORLD - NWABPUR,Shamim Hossain,Mr. Md. Kamrul Hasan ,CG - GULISTAN,Gulistan,0.0,0.0,0,,False
ETLCUST-01593,S.S ELECTRONICS - KERANIGONJ,Shamim Hossain,Mr. Md. Kamrul Hasan ,CG - GULISTAN,Gulistan,0.0,0.0,0,,False
ETLCUST-01235,RAJU ENTERPRISE - PATUATULI,Md. Sahedul Islam,Mr. Md. Kamrul Hasan ,CG - MOTIJHEEL,Motijheel,0.0,0.0,0,,False
ETLCUST-00462,R.N ELECTRONICS - GULISTAN,Md Kamrul Hasan Sabuz,Mr. Md. Kamrul Hasan ,CG - GULISTAN,Gulistan,0.0,0.0,0,,False
ETLCUST-01820,RUBEL ELECTRONICS - B.MOKARRAM,Tulshi Kumar Saha,Mr. Md. Kamrul Hasan ,CG - MOTIJHEEL,Motijheel,0.0,0.0,0,,False
ETLCUST-01590,MITALI ELECTRONICS - KERANIGONJ,Shamim Hossain,Mr. Md. Kamrul Hasan ,CG - GULISTAN,Gulistan,500000.0,0.0,1,0.0,True
ETLCUST-03925,JOBO COMPUTER CAREGARE - MUGDAPARA,Md. Sahedul Islam,Mr. Md. Kamrul Hasan ,CG - MOTIJHEEL,Motijheel,0.0,0.0,0,,False
ETLCUST-01219,AMIT COMPUTERS - NAWABGONJ,Md. Akram Rashid,Mr. Md. Kamrul Hasan ,CG - MOTIJHEEL,Motijheel,0.0,0.0,0,,False
ETLCUST-04042,NEW FAMOUS ELECTRONICS - NAWABPUR,Shamim Hossain,Mr. Md. Kamrul Hasan ,CG - GULISTAN,Gulistan,0.0,0.0,0,,False
ETLCUST-00478,SHILA ENTERPRISE - GULISTAN,Md Kamrul Hasan Sabuz,Mr. Md. Kamrul Hasan ,CG - GULISTAN,Gulistan,0.0,0.0,0,,False
ETLCUST-01222,LEADS CORPORATION LTD - MOTIJHEEL,Md. Sahedul Islam,Mr. Md. Kamrul Hasan ,CG - MOTIJHEEL,Motijheel,0.0,0.0,0,,False
ETLCUST-02912,SHILA ELECTRONICS -GULISTAN,Md Kamrul Hasan Sabuz,Mr. Md. Kamrul Hasan ,CG - GULISTAN,Gulistan,0.0,0.0,0,,False
ETLCUST-01811,DAWAN ENTERPRISE - GULISTAN,Tulshi Kumar Saha,Mr. Md. Kamrul Hasan ,CG - GULISTAN,Gulistan,0.0,0.0,0,,False
ETLCUST-03103,JAKARIA ELECTRONICS - GULTISTAN,Noor Hossain,Mr. Md. Kamrul Hasan ,CG - GULISTAN,Gulistan,500000.0,0.0,1,0.0,True
ETLCUST-02979,CASH CUSTOMER - SHAMIM HOSSAIN,Shamim Hossain,Mr. Md. Kamrul Hasan ,CG - GULISTAN,Gulistan,100000.0,0.0,1,0.0,True
ETLCUST-01890,SATKANIA ENTERPRISE - NAWABPUR,Shamim Hossain,Mr. Md. Kamrul Hasan ,CG - GULISTAN,Gulistan,0.0,0.0,0,,False
ETLCUST-03759,NIROB ELECTRONICS 2 - GULISTAN,Md Kamrul Hasan Sabuz,Mr. Md. Kamrul Hasan ,CG - GULISTAN,Gulistan,0.0,0.0,0,,False
ETLCUST-00481,NOBIN BANGLADESH - LALBAGH,Md Kamrul Hasan Sabuz,Mr. Md. Kamrul Hasan ,CG - GULISTAN,Gulistan,0.0,0.0,0,,False
ETLCUST-03124,RIDOY ELECTRONICS - NABABPUR,Shamim Hossain,Mr. Md. Kamrul Hasan ,CG - GULISTAN,Gulistan,0.0,0.0,0,,False
ETLCUST-01588,RAZZAK ELECTRONICS - NAWABGANJ,Shamim Hossain,Mr. Md. Kamrul Hasan ,CG - GULISTAN,Gulistan,0.0,0.0,0,,False
ETLCUST-01810,SCS COURIER SERVICE - FAKIRAPUL,Tulshi Kumar Saha,Mr. Md. Kamrul Hasan ,CG - GULISTAN,Gulistan,0.0,0.0,0,,False
ETLCUST-00962,PAPIYA ELECTRONICS - NABABPUR,Shamim Hossain,Mr. Md. Kamrul Hasan ,CG - GULISTAN,Gulistan,0.0,0.0,0,,False
ETLCUST-02954,MAKKA COMPUTER AND ELECTRONICS - GULISTAN,Noor Hossain,Mr. Md. Kamrul Hasan ,CG - GULISTAN,Gulistan,0.0,0.0,0,,False
ETLCUST-04330,NAZMA ELECTRONICS - MOTIJHEEL,Md. Sahedul Islam,Mr. Md. Kamrul Hasan ,CG - MOTIJHEEL,Motijheel,0.0,0.0,0,,False
ETLCUST-01202,ARYAN ELECTRONICS - B.MOKARRAM,Md. Sahedul Islam,Mr. Md. Kamrul Hasan ,CG - MOTIJHEEL,Motijheel,0.0,0.0,0,,False
ETLCUST-03118,LITON TRADING - GULISTAN,Noor Hossain,Mr. Md. Kamrul Hasan ,CG - GULISTAN,Gulistan,0.0,0.0,0,,False
ETLCUST-01897,SARKER COMPUTER AND ELECTRONICS - GULISTAN,Noor Hossain,Mr. Md. Kamrul Hasan ,CG - GULISTAN,Gulistan,150000.0,0.0,1,0.0,True
ETLCUST-04316,AFNAN ELECTRONICS - GULISTAN,Md Kamrul Hasan Sabuz,Mr. Md. Kamrul Hasan ,CG - GULISTAN,Gulistan,0.0,0.0,0,,False
ETLCUST-01221,CD PLUS - STADIUM,Md. Sahedul Islam,Mr. Md. Kamrul Hasan ,CG - MOTIJHEEL,Motijheel,0.0,0.0,0,,False
ETLCUST-00459,RAZZAK ENTERPRISE - GULISTAN,Md Kamrul Hasan Sabuz,Mr. Md. Kamrul Hasan ,CG - GULISTAN,Gulistan,0.0,0.0,0,,False
ETLCUST-01589,POLY INTERNATIONAL - GULISTAN,Shamim Hossain,Mr. Md. Kamrul Hasan ,CG - GULISTAN,Gulistan,0.0,0.0,0,,False
ETLCUST-00961,ARAFAT ELECTRONICS - KERANIGONJ,Noor Hossain,Mr. Md. Kamrul Hasan ,CG - GULISTAN,Gulistan,0.0,0.0,0,,False
ETLCUST-00933,SARKER IT BAZAR - GULISTAN,Noor Hossain,Mr. Md. Kamrul Hasan ,CG - GULISTAN,Gulistan,0.0,0.0,0,,False
ETLCUST-00965,MOLLA TRADING -GULISTAN,Md Sha Amirul Islam,Mr. Md. Kamrul Hasan ,CG - GULISTAN,Gulistan,0.0,0.0,0,,False
ETLCUST-03165,SI-TECH COMPUTER - MOTIJHEEL,Zakir Hossain,Mr. Md. Kamrul Hasan ,CG - MOTIJHEEL,Motijheel,1000000.0,0.0,2,0.0,True
ETLCUST-03744,MSP SOLUTION - PALTAN,Md. Sahedul Islam,Mr. Md. Kamrul Hasan ,CG - MOTIJHEEL,Motijheel,10000.0,0.0,1,0.0,True
ETLCUST-01220,SPARROW TECHNOLOGIES LTD - MIRPUR,Md. Akram Rashid,Mr. Md. Kamrul Hasan ,CG - MOTIJHEEL,Motijheel,0.0,0.0,0,,False
ETLCUST-03267,L R ENTERPRISE - GULISTAN,Md Kamrul Hasan Sabuz,Mr. Md. Kamrul Hasan ,CG - GULISTAN,Gulistan,0.0,0.0,0,,False
ETLCUST-00479,ALFA ELECTRONICS - GULISTAN,Md Kamrul Hasan Sabuz,Mr. Md. Kamrul Hasan ,CG - GULISTAN,Gulistan,0.0,0.0,0,,False
ETLCUST-01895,DEST ENTERPRISE - STADIUM,Md. Sahedul Islam,Mr. Md. Kamrul Hasan ,CG - MOTIJHEEL,Motijheel,0.0,0.0,0,,False
ETLCUST-00960,MASTER ELECTRONICS - GULISTAN,Shamim Hossain,Mr. Md. Kamrul Hasan ,CG - GULISTAN,Gulistan,0.0,0.0,0,,False
ETLCUST-00358,APPRO TECHNOLOGY - GULSHAN,Jiku Saha,Mr. Ajit Kumar Dey ,CG - UTTARA,Uttara,0.0,0.0,0,,False
ETLCUST-00090,IT WORLD - UTTARA,Dulal Sarker,Mr. Ajit Kumar Dey ,CG - UTTARA,Uttara,0.0,0.0,0,,False
ETLCUST-00091,SILVER SHINE - UTTARA,Dulal Sarker,Mr. Ajit Kumar Dey ,CG - UTTARA,Uttara,0.0,0.0,0,,False
ETLCUST-00092,COMPUTER ZONE - UTTARA,Dulal Sarker,Mr. Ajit Kumar Dey ,CG - UTTARA,Uttara,0.0,0.0,0,,False
ETLCUST-00094,S.M. COMPUTER - UTTARA,Dulal Sarker,Mr. Ajit Kumar Dey ,CG - UTTARA,Uttara,0.0,0.0,0,,False
ETLCUST-00106,AMIKINEE.COM - GULSHAN,Dulal Sarker,Mr. Ajit Kumar Dey ,CG - UTTARA,Uttara,0.0,0.0,0,,False
ETLCUST-00108,ESSENTIAL CLOTHING LTD - GAZIPUR,Dulal Sarker,Mr. Ajit Kumar Dey ,CG - UTTARA,Uttara,0.0,0.0,0,,False
ETLCUST-00111,NETWORK BAZAR - UTTARA,Dulal Sarker,Mr. Ajit Kumar Dey ,CG - UTTARA,Uttara,0.0,0.0,0,,False
ETLCUST-00112,INDEX IT SERVICE - UTTARA,Dulal Sarker,Mr. Ajit Kumar Dey ,CG - UTTARA,Uttara,0.0,0.0,0,,False
ETLCUST-00113,ISLAM TRADING CORPORATION - UTTARA,Dulal Sarker,Mr. Ajit Kumar Dey ,CG - UTTARA,Uttara,0.0,0.0,0,,False
ETLCUST-00115,GLOBAL NETWORK SOLUTIONS BD - UTTARA,Dulal Sarker,Mr. Ajit Kumar Dey ,CG - UTTARA,Uttara,0.0,0.0,0,,False
ETLCUST-00116,BONDHON ELECTRIC AND ELECTRONICS - UTTARA,Dulal Sarker,Mr. Ajit Kumar Dey ,CG - UTTARA,Uttara,0.0,0.0,0,,False
ETLCUST-00326,EARTH COMPUTER FAIR - KHILKHET,Jiku Saha,Mr. Ajit Kumar Dey ,CG - UTTARA,Uttara,0.0,3500.0,1,,False
ETLCUST-00347,HR COLLECTION - JFP,Jiku Saha,Mr. Ajit Kumar Dey ,CG - UTTARA,Uttara,0.0,0.0,0,,False
ETLCUST-00350,SYNCHRONOUS - J FUTURE PARK,Jiku Saha,Mr. Ajit Kumar Dey ,CG - UTTARA,Uttara,0.0,0.0,0,,False
ETLCUST-00357,HAFSA COMPUTER - BARIDHARA,Jiku Saha,Mr. Ajit Kumar Dey ,CG - UTTARA,Uttara,0.0,0.0,0,,False
ETLCUST-00360,MOMOTA COMPUTER - BADDA,Jiku Saha,Mr. Ajit Kumar Dey ,CG - UTTARA,Uttara,0.0,0.0,0,,False
ETLCUST-00361,COMPUTER SOLUTIONS INC. - BANANI,Jiku Saha,Mr. Ajit Kumar Dey ,CG - UTTARA,Uttara,0.0,0.0,0,,False
ETLCUST-00386,EPIC AIRWAYS LIMITED - UTTARA,Jiku Saha,Mr. Ajit Kumar Dey ,CG - UTTARA,Uttara,0.0,0.0,0,,False
ETLCUST-00387,BARCODE AUTOMATION LTD - BANANI,Jiku Saha,Mr. Ajit Kumar Dey ,CG - UTTARA,Uttara,0.0,0.0,0,,False
ETLCUST-00388,BANGLALINK DIGITAL COMMUNICATION LTD - MOHAKHALI,Jiku Saha,Mr. Ajit Kumar Dey ,CG - UTTARA,Uttara,0.0,0.0,0,,False
ETLCUST-01403,SECURITY SOLUTION TECHNOLOGY-SST - UTTARA,Dulal Sarker,Mr. Ajit Kumar Dey ,CG - UTTARA,Uttara,0.0,0.0,0,,False
ETLCUST-01404,BISMILLAH COMPUTER - UTTARA,Saifullah Akndah,Mr. Ajit Kumar Dey ,CG - UTTARA,Uttara,0.0,0.0,0,,False
ETLCUST-01406,PRODIP COMPUTER - TONGI,Saifullah Akndah,Mr. Ajit Kumar Dey ,CG - UTTARA,Uttara,0.0,0.0,0,,False
ETLCUST-01409,ENAT SMART SECURITY - GAZIPUR,Md. Rahad,Mr. Ajit Kumar Dey ,CG - UTTARA,Uttara,0.0,0.0,0,,False
ETLCUST-01410,FAHIM TRADERS - KONABARI,MD. Shipon Ali,Mr. Ajit Kumar Dey ,CG - UTTARA,Uttara,0.0,0.0,0,,False
ETLCUST-01412,ELECTRO FAIR - KONABARI,MD. Shipon Ali,Mr. Ajit Kumar Dey ,CG - UTTARA,Uttara,0.0,0.0,0,,False
ETLCUST-01418,BONDHU ELECTRIC - TONGI,Saifullah Akndah,Mr. Ajit Kumar Dey ,CG - UTTARA,Uttara,200000.0,0.0,1,0.0,True
ETLCUST-01715,MIN SHENG LINES BD LTD - MOHAKHALI,Tulshi Kumar Saha,Mr. Ajit Kumar Dey ,CG - UTTARA,Uttara,0.0,0.0,0,,False
ETLCUST-01716,SHOPNO BORNO - MOHAKHALI,Tulshi Kumar Saha,Mr. Ajit Kumar Dey ,CG - UTTARA,Uttara,0.0,0.0,0,,False
ETLCUST-01717,ABDULLAH AL MAHMUD,Tulshi Kumar Saha,Mr. Ajit Kumar Dey ,CG - UTTARA,Uttara,0.0,0.0,0,,False
ETLCUST-01718,SEVERAL SERVICE - BADDA,Jiku Saha,Mr. Ajit Kumar Dey ,CG - UTTARA,Uttara,0.0,0.0,0,,False
ETLCUST-01719,NIKUNJA ONLINE - UTTARA,Dulal Sarker,Mr. Ajit Kumar Dey ,CG - UTTARA,Uttara,0.0,0.0,0,,False
ETLCUST-01916,SIRAJGANJ ELECTRONICS - GAZIPUR,Md. Rahad,Mr. Ajit Kumar Dey ,CG - UTTARA,Uttara,0.0,0.0,0,,False
ETLCUST-03068,SATATA ELECTRONICS AND FURNITURE - GAZIPUR,MD. Shipon Ali,Mr. Ajit Kumar Dey ,CG - UTTARA,Uttara,0.0,0.0,0,,False
ETLCUST-03488,LINK INTERNATIONAL - BADDA,Jiku Saha,Mr. Ajit Kumar Dey ,CG - UTTARA,Uttara,0.0,0.0,0,,False
ETLCUST-00466,SWAN ELECTRONICS - GULISTAN,Md Kamrul Hasan Sabuz,Mr. Md. Kamrul Hasan ,CG - GULISTAN,Gulistan,0.0,0.0,0,,False
ETLCUST-00469,BAR AWLIA ELECTRONICS - GULISTAN,Md Kamrul Hasan Sabuz,Mr. Md. Kamrul Hasan ,CG - GULISTAN,Gulistan,0.0,0.0,0,,False
ETLCUST-00934,TAHASIN TRADERS - GULISTAN,Noor Hossain,Mr. Md. Kamrul Hasan ,CG - GULISTAN,Gulistan,0.0,0.0,0,,False
ETLCUST-00937,MYNEE ELECTRONICS CO - GULISTAN,Shamim Hossain,Mr. Md. Kamrul Hasan ,CG - GULISTAN,Gulistan,0.0,0.0,0,,False
ETLCUST-00943,SHARMIN COMPUTERS - GULISTAN,Shamim Hossain,Mr. Md. Kamrul Hasan ,CG - GULISTAN,Gulistan,0.0,0.0,0,,False
ETLCUST-00944,SHAH ELECTRONICS - ZINZIRA,Shamim Hossain,Mr. Md. Kamrul Hasan ,CG - GULISTAN,Gulistan,0.0,0.0,0,,False
ETLCUST-00947,TOHA ENTERPRISE - GULISTAN,Noor Hossain,Mr. Md. Kamrul Hasan ,CG - GULISTAN,Gulistan,0.0,0.0,0,,False
ETLCUST-00950,DHAKA ENTERPRISE - GULISTAN,Noor Hossain,Mr. Md. Kamrul Hasan ,CG - GULISTAN,Gulistan,0.0,0.0,0,,False
ETLCUST-00956,GREEN BANGLA COMPUTER - GULISTAN,Noor Hossain,Mr. Md. Kamrul Hasan ,CG - GULISTAN,Gulistan,0.0,0.0,0,,False
ETLCUST-00963,S.M. TELECOM - GULISTAN,Noor Hossain,Mr. Md. Kamrul Hasan ,CG - GULISTAN,Gulistan,0.0,0.0,0,,False
ETLCUST-00966,FRISCON INTERNATIONAL - GULISTAN,Noor Hossain,Mr. Md. Kamrul Hasan ,CG - GULISTAN,Gulistan,0.0,0.0,0,,False
ETLCUST-01203,R.M.ASSOCIATES - FAKIRAPOOL,Zakir Hossain,Mr. Md. Kamrul Hasan ,CG - MOTIJHEEL,Motijheel,0.0,0.0,0,,False
ETLCUST-01205,PREMIERTECH - PVT LIMITED - EASTERN PLUS,Md. Sahedul Islam,Mr. Md. Kamrul Hasan ,CG - MOTIJHEEL,Motijheel,0.0,0.0,0,,False
ETLCUST-01207,GREAT TECHNOLOGIES - GULISTAN,Md. Sahedul Islam,Mr. Md. Kamrul Hasan ,CG - MOTIJHEEL,Motijheel,0.0,0.0,0,,False
ETLCUST-01213,DIAMOND ELECTRONICS - STADIUM,Nishan Datta,Mr. Md. Kamrul Hasan ,CG - MOTIJHEEL,Motijheel,0.0,0.0,0,,False
ETLCUST-01218,N.A CAMERA HOUSE - PURANA PALTAN,Nishan Datta,Mr. Md. Kamrul Hasan ,CG - MOTIJHEEL,Motijheel,0.0,0.0,0,,False
ETLCUST-01234,CAMERA ZOOM - STADIUM,Md. Akram Rashid,Mr. Md. Kamrul Hasan ,CG - MOTIJHEEL,Motijheel,0.0,0.0,0,,False
ETLCUST-01237,TECHNO ZONE - PATUATULI,Md. Akram Rashid,Mr. Md. Kamrul Hasan ,CG - MOTIJHEEL,Motijheel,0.0,0.0,0,,False
ETLCUST-01238,DIGI-TECH - PALTAN,Md. Akram Rashid,Mr. Md. Kamrul Hasan ,CG - MOTIJHEEL,Motijheel,0.0,0.0,0,,False
ETLCUST-01240,SOHEL ENTERPRISE - JATRABARI,Md. Akram Rashid,Mr. Md. Kamrul Hasan ,CG - MOTIJHEEL,Motijheel,0.0,0.0,0,,False
ETLCUST-01241,I-TECH SOLUTION - JURAIN,Md. Akram Rashid,Mr. Md. Kamrul Hasan ,CG - MOTIJHEEL,Motijheel,0.0,0.0,0,,False
ETLCUST-01243,J.M. ELECTRONICS - PATUATULI,Md Kamrul Hasan Sabuz,Mr. Md. Kamrul Hasan ,CG - GULISTAN,Gulistan,0.0,0.0,0,,False
ETLCUST-01565,DUBAI ELECTRONICS - GULISTAN,Shamim Hossain,Mr. Md. Kamrul Hasan ,CG - GULISTAN,Gulistan,0.0,0.0,0,,False
ETLCUST-01566,NOVA ELECTONICS - GULISTAN,Shamim Hossain,Mr. Md. Kamrul Hasan ,CG - GULISTAN,Gulistan,0.0,0.0,0,,False
ETLCUST-01567,AMIN ENTERPRISE - GULISTAN,Shamim Hossain,Mr. Md. Kamrul Hasan ,CG - GULISTAN,Gulistan,0.0,0.0,0,,False
ETLCUST-01572,DEEPA ELECTRONICS - NAWABPUR,Shamim Hossain,Mr. Md. Kamrul Hasan ,CG - GULISTAN,Gulistan,0.0,0.0,0,,False
ETLCUST-01575,FAMOUS ELECTRONICS - GULISTAN,Shamim Hossain,Mr. Md. Kamrul Hasan ,CG - GULISTAN,Gulistan,0.0,0.0,0,,False
ETLCUST-01579,SOHEL ELECTRONICS - GULISTAN,Shamim Hossain,Mr. Md. Kamrul Hasan ,CG - GULISTAN,Gulistan,0.0,0.0,0,,False
ETLCUST-01678,ASPOR - HATIRPUL,Zakir Hossain,Mr. Md. Kamrul Hasan ,CG - MOTIJHEEL,Motijheel,0.0,0.0,0,,False
ETLCUST-01812,ROSSLYN ELECTRONICS - NAWABPUR,Tulshi Kumar Saha,Mr. Md. Kamrul Hasan ,CG - GULISTAN,Gulistan,0.0,0.0,0,,False
ETLCUST-01813,NIZAM UDDIN - NAWABPUR,Tulshi Kumar Saha,Mr. Md. Kamrul Hasan ,CG - GULISTAN,Gulistan,0.0,0.0,0,,False
ETLCUST-01821,PATUAKHALIZILA SAMITTEE - PALTAN,Zakir Hossain,Mr. Md. Kamrul Hasan ,CG - MOTIJHEEL,Motijheel,0.0,0.0,0,,False
ETLCUST-01822,TECHNO HAVEN - MOTIJHEEL,Zakir Hossain,Mr. Md. Kamrul Hasan ,CG - MOTIJHEEL,Motijheel,0.0,0.0,0,,False
ETLCUST-01823,PERFECT IT SERVICES - MOTIJHEEL,Zakir Hossain,Mr. Md. Kamrul Hasan ,CG - MOTIJHEEL,Motijheel,0.0,0.0,0,,False
ETLCUST-01824,H M COMPUTER - MOTIJHEEL,Zakir Hossain,Mr. Md. Kamrul Hasan ,CG - MOTIJHEEL,Motijheel,0.0,0.0,0,,False
ETLCUST-01825,RANKS ITT LTD.,Tulshi Kumar Saha,Mr. Md. Kamrul Hasan ,CG - MOTIJHEEL,Motijheel,0.0,0.0,0,,False
ETLCUST-01863,KAZAL PHOTOGRAPHICS - PALTAN,Zakir Hossain,Mr. Md. Kamrul Hasan ,CG - MOTIJHEEL,Motijheel,0.0,0.0,0,,False
ETLCUST-01864,HIGH QUALITY TECHNOLOGY - MOTIJHEEL,Md. Sahedul Islam,Mr. Md. Kamrul Hasan ,CG - MOTIJHEEL,Motijheel,0.0,0.0,0,,False
ETLCUST-01866,DIGITAL PHOTO BAZAR - PALTAN,Md. Akram Rashid,Mr. Md. Kamrul Hasan ,CG - MOTIJHEEL,Motijheel,0.0,0.0,0,,False
ETLCUST-01867,TRUST COMPUTERS - MOTIJHEEL,Md. Sahedul Islam,Mr. Md. Kamrul Hasan ,CG - MOTIJHEEL,Motijheel,0.0,0.0,0,,False
ETLCUST-01873,TRADE CORPORATION - PALTON,Md. Akram Rashid,Mr. Md. Kamrul Hasan ,CG - MOTIJHEEL,Motijheel,0.0,0.0,0,,False
ETLCUST-01876,B.K. BUSINESS CENTER - PALTAN,Md. Akram Rashid,Mr. Md. Kamrul Hasan ,CG - MOTIJHEEL,Motijheel,0.0,0.0,0,,False
ETLCUST-01881,RONY ENTERPRISE - MOTIJHEEL,Md. Sahedul Islam,Mr. Md. Kamrul Hasan ,CG - MOTIJHEEL,Motijheel,0.0,0.0,0,,False
ETLCUST-03455,NAFISHA ENTERPRISE -MOTIJHEEL,Md. Akram Rashid,Mr. Md. Kamrul Hasan ,CG - MOTIJHEEL,Motijheel,56000.0,0.0,1,0.0,True
ETLCUST-00119,SOFTZONE INC - UTTARA,Dulal Sarker,Mr. Ajit Kumar Dey ,CG - UTTARA,Uttara,100000.0,0.0,1,0.0,True
ETLCUST-00945,SHIFA ELECTRONIC - GULISTAN,Md Kamrul Hasan Sabuz,Mr. Md. Kamrul Hasan ,CG - GULISTAN,Gulistan,0.0,0.0,0,,False
ETLCUST-00351,COMPUTER HOME - JAMUNA FUTURE PARK,Jiku Saha,Mr. Ajit Kumar Dey ,CG - UTTARA,Uttara,0.0,0.0,0,,False
ETLCUST-04480,HS TECHNOLOGY - MAHAKHALI,Jiku Saha,Mr. Ajit Kumar Dey ,CG - UTTARA,Uttara,180000.0,208780.0,3,1.159888888888889,False
ETLCUST-03076,RAFIQUE ELECTRONICS - PATUATULI,Md Kamrul Hasan Sabuz,Mr. Md. Kamrul Hasan ,CG - GULISTAN,Gulistan,0.0,0.0,0,,False
ETLCUST-00107,B.C COMPUTER - UTTARA,Dulal Sarker,Mr. Ajit Kumar Dey ,CG - UTTARA,Uttara,0.0,0.0,0,,False
ETLCUST-00338,RAHA COMPUTER - UTTARA,Jiku Saha,Mr. Ajit Kumar Dey ,CG - UTTARA,Uttara,0.0,0.0,0,,False
ETLCUST-00340,F13 SOLUTION - UTTARA,Jiku Saha,Mr. Ajit Kumar Dey ,CG - UTTARA,Uttara,0.0,0.0,0,,False
ETLCUST-00341,IMPULSE INTERNATIONAL - UTTARA,Jiku Saha,Mr. Ajit Kumar Dey ,CG - UTTARA,Uttara,0.0,0.0,0,,False
ETLCUST-00342,EN CORPORATION - GULSHAN,Jiku Saha,Mr. Ajit Kumar Dey ,CG - UTTARA,Uttara,0.0,0.0,0,,False
ETLCUST-00345,UNITED COMMERCIAL COMPUTER - BADDA,Jiku Saha,Mr. Ajit Kumar Dey ,CG - UTTARA,Uttara,0.0,0.0,0,,False
ETLCUST-00346,M.M. COMPUTER - KHILKHET,Jiku Saha,Mr. Ajit Kumar Dey ,CG - UTTARA,Uttara,0.0,0.0,0,,False
ETLCUST-00348,TARIF ENTERPRISE - BADDA,Jiku Saha,Mr. Ajit Kumar Dey ,CG - UTTARA,Uttara,0.0,0.0,0,,False
ETLCUST-00931,P4 TRADING - GULISTAN,Md Kamrul Hasan Sabuz,Mr. Md. Kamrul Hasan ,CG - GULISTAN,Gulistan,0.0,0.0,0,,False
ETLCUST-00939,SUPER KING - GULISTAN,Shamim Hossain,Mr. Md. Kamrul Hasan ,CG - GULISTAN,Gulistan,0.0,0.0,0,,False
ETLCUST-01570,RANA ELECTRONICS - GULISTAN,Shamim Hossain,Mr. Md. Kamrul Hasan ,CG - GULISTAN,Gulistan,0.0,0.0,0,,False
ETLCUST-03408,ISRAT TRADE INTERNATIONAL - GULISTAN,Noor Hossain,Mr. Md. Kamrul Hasan ,CG - GULISTAN,Gulistan,0.0,0.0,0,,False
ETLCUST-00349,NET BANGLA LTD - UTTARA,Jiku Saha,Mr. Ajit Kumar Dey ,CG - UTTARA,Uttara,0.0,0.0,0,,False
ETLCUST-04424,SMART SOFT LIMITED - BANANI,Jiku Saha,Mr. Ajit Kumar Dey ,CG - UTTARA,Uttara,0.0,0.0,0,,False
ETLCUST-02964,AL - FARUQUE ELECTRONICS - MOTIJHEEL,Zakir Hossain,Mr. Md. Kamrul Hasan ,CG - MOTIJHEEL,Motijheel,500000.0,0.0,1,0.0,True
ETLCUST-00321,R.R. COMPUTERS - BANANI,Jiku Saha,Mr. Ajit Kumar Dey ,CG - UTTARA,Uttara,0.0,0.0,0,,False
ETLCUST-01239,IT GARDEN - E.PLUS,Md. Akram Rashid,Mr. Md. Kamrul Hasan ,CG - MOTIJHEEL,Motijheel,0.0,0.0,0,,False
ETLCUST-05260,S.K ENERGY SOLUTION - JATRABARI,,Mr. Md. Kamrul Hasan ,CG - GULISTAN,Gulistan,0.0,0.0,0,,False
